No,Nama_Menu,Kategori,Kalori,Sumber_Karbohidrat,Deskripsi_Menu,Karbo_List,corpus,Karbo_Clean,Nama_Lower,Deskripsi_Lower,Keyword_Semantik,enhanced_corpus,enhanced_corpus_mccbf,corpus_rf,Prediksi,Benar
73,Dori Cabai Garam,ikan,395,jagung nasi merah nasi putih,ikan dori tumis cabai garam pedas gurih,"['nasi', 'putih', 'jagung', 'merah']",dori cabai garam ikan jagung nasi merah nasi putih ikan dori tumis cabai garam pedas gurih,"jagung, nasi merah, nasi putih",dori cabai garam,ikan dori tumis cabai garam pedas gurih,protein_ikan,dori cabai garam protein_ikan,dori cabai garam ikan dori tumis cabai garam pedas gurih nasi putih jagung merah protein_ikan,dori cabai garam ikan dori tumis cabai garam pedas gurih,ikan,True
294,Sapi Yakiniku Spesial,sapi,355,kentang nasi merah nasi putih,menu beef yakiniku spesial yang sehat dan lezat,"['nasi', 'putih', 'kentang', 'merah']",beef yakiniku spesial sapi kentang nasi merah nasi putih menu beef yakiniku spesial yang sehat dan lezat,"kentang, nasi merah, nasi putih",sapi yakiniku spesial,menu beef yakiniku spesial yang sehat dan lezat,protein_sapi,sapi yakiniku spesial protein_sapi,sapi yakiniku spesial menu beef yakiniku spesial yang sehat dan lezat nasi putih kentang merah protein_sapi,sapi yakiniku spesial menu beef yakiniku spesial yang sehat dan lezat,sapi,True
448,Opor Susu Legenda Istimewa,ayam,499,nasi kuning,menu opor susu legenda deluxe ala yellow fit kitchen rendah kalori dan bergizi,"['nasi', 'kuning']",opor susu legenda deluxe lainnya nasi kuning menu opor susu legenda deluxe ala yellow fit kitchen rendah kalori dan bergizi,nasi kuning,opor susu legenda istimewa,menu opor susu legenda deluxe ala yellow fit kitchen rendah kalori dan bergizi,,opor susu legenda istimewa opor susu legenda istimewa,opor susu legenda istimewa menu opor susu legenda deluxe ala yellow fit kitchen rendah kalori dan bergizi nasi kuning ,opor susu legenda istimewa menu opor susu legenda deluxe ala yellow fit kitchen rendah kalori dan bergizi,ayam,True
85,Soto Bandung,ayam,390,kentang nasi merah nasi putih,soto daging kuah bening lobak lauk telur rebus,"['nasi', 'putih', 'kentang', 'merah']",soto bandung sapi kentang nasi merah nasi putih soto daging kuah bening lobak lauk telur rebus,"kentang, nasi merah, nasi putih",soto bandung,soto daging kuah bening lobak lauk telur rebus,,soto bandung soto bandung,soto bandung soto daging kuah bening lobak lauk telur rebus nasi putih kentang merah ,soto bandung soto daging kuah bening lobak lauk telur rebus,ayam,True
119,Soto Ayam Kuning,ayam,400,kentang nasi merah nasi putih,soto ayam bumbu kuning tanpa santan lauk telur,"['nasi', 'putih', 'kentang', 'merah']",soto ayam kuning ayam kentang nasi merah nasi putih soto ayam bumbu kuning tanpa santan lauk telur,"kentang, nasi merah, nasi putih",soto ayam kuning,soto ayam bumbu kuning tanpa santan lauk telur,protein_ayam,soto ayam kuning protein_ayam,soto ayam kuning soto ayam bumbu kuning tanpa santan lauk telur nasi putih kentang merah protein_ayam,soto ayam kuning soto ayam bumbu kuning tanpa santan lauk telur,ayam,True
368,Salmon Red Thai Kari Yellowfit,ikan,535,jagung,menu salmon red thai curry yellowfit ala yellow fit kitchen rendah kalori dan bergizi,['jagung'],salmon red thai curry yellowfit ikan jagung menu salmon red thai curry yellowfit ala yellow fit kitchen rendah kalori dan bergizi,jagung,salmon red thai kari yellowfit,menu salmon red thai curry yellowfit ala yellow fit kitchen rendah kalori dan bergizi,protein_ikan,salmon red thai kari yellowfit protein_ikan flavored,salmon red thai kari yellowfit menu salmon red thai curry yellowfit ala yellow fit kitchen rendah kalori dan bergizi jagung protein_ikan,salmon red thai kari yellowfit menu salmon red thai curry yellowfit ala yellow fit kitchen rendah kalori dan bergizi,ikan,True
171,Ayam Sambel Geprek Mangkuk,ayam,371,kentang ubi nasi merah nasi putih,menu ayam sambel geprek bowl yang sehat dan lezat,"['nasi', 'merah', 'ubi', 'putih', 'kentang']",ayam sambel geprek bowl ayam kentang ubi nasi merah nasi putih menu ayam sambel geprek bowl yang sehat dan lezat,"kentang, ubi, nasi merah, nasi putih",ayam sambel geprek mangkuk,menu ayam sambel geprek bowl yang sehat dan lezat,protein_ayam,ayam sambel geprek mangkuk protein_ayam,ayam sambel geprek mangkuk menu ayam sambel geprek bowl yang sehat dan lezat nasi merah ubi putih kentang protein_ayam,ayam sambel geprek mangkuk menu ayam sambel geprek bowl yang sehat dan lezat,ayam,True
309,Khao Soi Noodle Super,ayam,471,jagung,menu khao soi noodle supreme ala yellow fit kitchen rendah kalori dan bergizi,['jagung'],khao soi noodle supreme lainnya jagung menu khao soi noodle supreme ala yellow fit kitchen rendah kalori dan bergizi,jagung,khao soi noodle super,menu khao soi noodle supreme ala yellow fit kitchen rendah kalori dan bergizi,,khao soi noodle super khao soi noodle super,khao soi noodle super menu khao soi noodle supreme ala yellow fit kitchen rendah kalori dan bergizi jagung ,khao soi noodle super menu khao soi noodle supreme ala yellow fit kitchen rendah kalori dan bergizi,ayam,True
288,Pasta Aglio Eolio Dori Stik Diet,ikan,428,jagung nasi merah nasi putih,menu pasta aglio eolio dori stick diet yang sehat dan lezat,"['nasi', 'putih', 'jagung', 'merah']",pasta aglio eolio dori stick diet ikan jagung nasi merah nasi putih menu pasta aglio eolio dori stick diet yang sehat dan lezat,"jagung, nasi merah, nasi putih",pasta aglio eolio dori stik diet,menu pasta aglio eolio dori stick diet yang sehat dan lezat,protein_ikan,pasta aglio eolio dori stik diet protein_ikan,pasta aglio eolio dori stik diet menu pasta aglio eolio dori stick diet yang sehat dan lezat nasi putih jagung merah protein_ikan,pasta aglio eolio dori stik diet menu pasta aglio eolio dori stick diet yang sehat dan lezat,ikan,True
494,Mie Goreng Sayur,vegetarian,350,mie,mie goreng dengan banyak sayuran sawi kol wortel,['mie'],mie goreng sayur vegetarian mie mie goreng dengan banyak sayuran sawi kol wortel,mie,mie goreng sayur,mie goreng dengan banyak sayuran sawi kol wortel,protein_vegetarian,mie goreng sayur protein_vegetarian cooked,mie goreng sayur mie goreng dengan banyak sayuran sawi kol wortel mie protein_vegetarian,mie goreng sayur mie goreng dengan banyak sayuran sawi kol wortel,vegetarian,True
492,Sayur Lodeh Labu Siam,vegetarian,220,nasi merah,sayur santan labu siam dan kacang panjang gurih,"['nasi', 'merah']",sayur lodeh labu siam vegetarian nasi merah sayur santan labu siam dan kacang panjang gurih,nasi merah,sayur lodeh labu siam,sayur santan labu siam dan kacang panjang gurih,protein_vegetarian,sayur lodeh labu siam protein_vegetarian,sayur lodeh labu siam sayur santan labu siam dan kacang panjang gurih nasi merah protein_vegetarian,sayur lodeh labu siam sayur santan labu siam dan kacang panjang gurih,vegetarian,True
93,Ayam Sambel Geprek,ayam,395,kentang nasi merah nasi putih,ayam geprek sambal pedas disajikan sayur sop,"['nasi', 'putih', 'kentang', 'merah']",ayam sambel geprek ayam kentang nasi merah nasi putih ayam geprek sambal pedas disajikan sayur sop,"kentang, nasi merah, nasi putih",ayam sambel geprek,ayam geprek sambal pedas disajikan sayur sop,protein_ayam,ayam sambel geprek protein_ayam,ayam sambel geprek ayam geprek sambal pedas disajikan sayur sop nasi putih kentang merah protein_ayam,ayam sambel geprek ayam geprek sambal pedas disajikan sayur sop,ayam,True
285,Sempol Ayam Panggang Mangkuk,ayam,434,kentang ubi nasi merah nasi putih,menu sempol ayam grill bowl yang sehat dan lezat,"['nasi', 'merah', 'ubi', 'putih', 'kentang']",sempol ayam grill bowl ayam kentang ubi nasi merah nasi putih menu sempol ayam grill bowl yang sehat dan lezat,"kentang, ubi, nasi merah, nasi putih",sempol ayam panggang mangkuk,menu sempol ayam grill bowl yang sehat dan lezat,protein_ayam panggang,sempol ayam panggang mangkuk protein_ayam cooked,sempol ayam panggang mangkuk menu sempol ayam grill bowl yang sehat dan lezat nasi merah ubi putih kentang protein_ayam panggang,sempol ayam panggang mangkuk menu sempol ayam grill bowl yang sehat dan lezat,ayam,True
425,Ayam Telur Okonomiyaki Istimewa,ayam,543,nasi hitam,menu chicken egg okonomiyaki deluxe ala yellow fit kitchen rendah kalori dan bergizi,"['nasi', 'hitam']",chicken egg okonomiyaki deluxe ayam nasi hitam menu chicken egg okonomiyaki deluxe ala yellow fit kitchen rendah kalori dan bergizi,nasi hitam,ayam telur okonomiyaki istimewa,menu chicken egg okonomiyaki deluxe ala yellow fit kitchen rendah kalori dan bergizi,protein_ayam,ayam telur okonomiyaki istimewa protein_ayam,ayam telur okonomiyaki istimewa menu chicken egg okonomiyaki deluxe ala yellow fit kitchen rendah kalori dan bergizi nasi hitam protein_ayam,ayam telur okonomiyaki istimewa menu chicken egg okonomiyaki deluxe ala yellow fit kitchen rendah kalori dan bergizi,ayam,True
277,Panggang Ayam Dengan Lemonilo Sehat,ayam,395,kentang ubi nasi merah nasi putih,menu grilled chicken with lemonilo healthy yang sehat dan lezat,"['nasi', 'merah', 'ubi', 'putih', 'kentang']",grilled chicken with lemonilo healthy ayam kentang ubi nasi merah nasi putih menu grilled chicken with lemonilo healthy yang sehat dan lezat,"kentang, ubi, nasi merah, nasi putih",panggang ayam dengan lemonilo sehat,menu grilled chicken with lemonilo healthy yang sehat dan lezat,protein_ayam panggang,panggang ayam dengan lemonilo sehat protein_ayam cooked,panggang ayam dengan lemonilo sehat menu grilled chicken with lemonilo healthy yang sehat dan lezat nasi merah ubi putih kentang protein_ayam panggang,panggang ayam dengan lemonilo sehat menu grilled chicken with lemonilo healthy yang sehat dan lezat,ayam,True
385,Udang Cake Thailand Saus,ikan,538,nasi hitam,menu prawn cake thailand sauce ala yellow fit kitchen rendah kalori dan bergizi,"['nasi', 'hitam']",prawn cake thailand sauce ikan nasi hitam menu prawn cake thailand sauce ala yellow fit kitchen rendah kalori dan bergizi,nasi hitam,udang cake thailand saus,menu prawn cake thailand sauce ala yellow fit kitchen rendah kalori dan bergizi,,udang cake thailand saus protein_ikan flavored,udang cake thailand saus menu prawn cake thailand sauce ala yellow fit kitchen rendah kalori dan bergizi nasi hitam ,udang cake thailand saus menu prawn cake thailand sauce ala yellow fit kitchen rendah kalori dan bergizi,ikan,True
219,Ayam Saus Mentega Paket,ayam,351,kentang nasi merah nasi putih,menu ayam saus mentega box yang sehat dan lezat,"['nasi', 'putih', 'kentang', 'merah']",ayam saus mentega box ayam kentang nasi merah nasi putih menu ayam saus mentega box yang sehat dan lezat,"kentang, nasi merah, nasi putih",ayam saus mentega paket,menu ayam saus mentega box yang sehat dan lezat,protein_ayam,ayam saus mentega paket protein_ayam flavored,ayam saus mentega paket menu ayam saus mentega box yang sehat dan lezat nasi putih kentang merah protein_ayam,ayam saus mentega paket menu ayam saus mentega box yang sehat dan lezat,ayam,True
190,Sapi Yakiniku Spesial,sapi,413,jagung nasi merah kentang,menu beef yakiniku spesial yang sehat dan lezat,"['nasi', 'kentang', 'jagung', 'merah']",beef yakiniku spesial sapi jagung nasi merah kentang menu beef yakiniku spesial yang sehat dan lezat,"jagung, nasi merah, kentang",sapi yakiniku spesial,menu beef yakiniku spesial yang sehat dan lezat,protein_sapi,sapi yakiniku spesial protein_sapi,sapi yakiniku spesial menu beef yakiniku spesial yang sehat dan lezat nasi kentang jagung merah protein_sapi,sapi yakiniku spesial menu beef yakiniku spesial yang sehat dan lezat,sapi,True
333,Soto Betawi Ayam,ayam,547,pasta,menu soto betawi ayam ala yellow fit kitchen rendah kalori dan bergizi,['pasta'],soto betawi ayam ayam pasta menu soto betawi ayam ala yellow fit kitchen rendah kalori dan bergizi,pasta,soto betawi ayam,menu soto betawi ayam ala yellow fit kitchen rendah kalori dan bergizi,protein_ayam,soto betawi ayam protein_ayam,soto betawi ayam menu soto betawi ayam ala yellow fit kitchen rendah kalori dan bergizi pasta protein_ayam,soto betawi ayam menu soto betawi ayam ala yellow fit kitchen rendah kalori dan bergizi,ayam,True
405,Mac Diet Panas Spesial Spesial,ayam,527,nasi merah,menu mac diet panas special special ala yellow fit kitchen rendah kalori dan bergizi,"['nasi', 'merah']",mac diet panas special special lainnya nasi merah menu mac diet panas special special ala yellow fit kitchen rendah kalori dan bergizi,nasi merah,mac diet panas spesial spesial,menu mac diet panas special special ala yellow fit kitchen rendah kalori dan bergizi,,mac diet panas spesial spesial mac diet panas spesial spesial,mac diet panas spesial spesial menu mac diet panas special special ala yellow fit kitchen rendah kalori dan bergizi nasi merah ,mac diet panas spesial spesial menu mac diet panas special special ala yellow fit kitchen rendah kalori dan bergizi,ayam,True
237,Sapi Yakiniku Paket,sapi,355,kentang ubi nasi merah nasi putih,menu beef yakiniku box yang sehat dan lezat,"['nasi', 'merah', 'ubi', 'putih', 'kentang']",beef yakiniku box sapi kentang ubi nasi merah nasi putih menu beef yakiniku box yang sehat dan lezat,"kentang, ubi, nasi merah, nasi putih",sapi yakiniku paket,menu beef yakiniku box yang sehat dan lezat,protein_sapi,sapi yakiniku paket protein_sapi,sapi yakiniku paket menu beef yakiniku box yang sehat dan lezat nasi merah ubi putih kentang protein_sapi,sapi yakiniku paket menu beef yakiniku box yang sehat dan lezat,sapi,True
36,Ayam Tomyum,ayam,395,kentang nasi merah nasi putih,ayam kuah tomyum rasa asam pedas tanpa santan,"['nasi', 'putih', 'kentang', 'merah']",chicken tomyum ayam kentang nasi merah nasi putih ayam kuah tomyum rasa asam pedas tanpa santan,"kentang, nasi merah, nasi putih",ayam tomyum,ayam kuah tomyum rasa asam pedas tanpa santan,protein_ayam,ayam tomyum protein_ayam,ayam tomyum ayam kuah tomyum rasa asam pedas tanpa santan nasi putih kentang merah protein_ayam,ayam tomyum ayam kuah tomyum rasa asam pedas tanpa santan,ayam,True
148,Sapi Cabe Garam Spesial,sapi,433,kentang nasi merah nasi putih,menu sapi cabe garam spesial yang sehat dan lezat,"['nasi', 'putih', 'kentang', 'merah']",sapi cabe garam spesial sapi kentang nasi merah nasi putih menu sapi cabe garam spesial yang sehat dan lezat,"kentang, nasi merah, nasi putih",sapi cabe garam spesial,menu sapi cabe garam spesial yang sehat dan lezat,protein_sapi,sapi cabe garam spesial protein_sapi,sapi cabe garam spesial menu sapi cabe garam spesial yang sehat dan lezat nasi putih kentang merah protein_sapi,sapi cabe garam spesial menu sapi cabe garam spesial yang sehat dan lezat,sapi,True
274,Ayam Madu Sehat,ayam,360,kentang ubi nasi merah nasi putih,menu chicken honey healthy yang sehat dan lezat,"['nasi', 'merah', 'ubi', 'putih', 'kentang']",chicken honey healthy ayam kentang ubi nasi merah nasi putih menu chicken honey healthy yang sehat dan lezat,"kentang, ubi, nasi merah, nasi putih",ayam madu sehat,menu chicken honey healthy yang sehat dan lezat,protein_ayam,ayam madu sehat protein_ayam,ayam madu sehat menu chicken honey healthy yang sehat dan lezat nasi merah ubi putih kentang protein_ayam,ayam madu sehat menu chicken honey healthy yang sehat dan lezat,ayam,True
347,Ginger Ayam Ramen Kuroda Spesial,ayam,543,nasi merah,menu ginger chicken ramen kuroda special ala yellow fit kitchen rendah kalori dan bergizi,"['nasi', 'merah']",ginger chicken ramen kuroda special ayam nasi merah menu ginger chicken ramen kuroda special ala yellow fit kitchen rendah kalori dan bergizi,nasi merah,ginger ayam ramen kuroda spesial,menu ginger chicken ramen kuroda special ala yellow fit kitchen rendah kalori dan bergizi,protein_ayam,ginger ayam ramen kuroda spesial protein_ayam,ginger ayam ramen kuroda spesial menu ginger chicken ramen kuroda special ala yellow fit kitchen rendah kalori dan bergizi nasi merah protein_ayam,ginger ayam ramen kuroda spesial menu ginger chicken ramen kuroda special ala yellow fit kitchen rendah kalori dan bergizi,ayam,True
310,Ayam Soy Garlic Yangnyeom Super,ayam,544,nasi merah,menu chicken soy garlic yangnyeom supreme ala yellow fit kitchen rendah kalori dan bergizi,"['nasi', 'merah']",chicken soy garlic yangnyeom supreme ayam nasi merah menu chicken soy garlic yangnyeom supreme ala yellow fit kitchen rendah kalori dan bergizi,nasi merah,ayam soy garlic yangnyeom super,menu chicken soy garlic yangnyeom supreme ala yellow fit kitchen rendah kalori dan bergizi,protein_ayam,ayam soy garlic yangnyeom super protein_ayam,ayam soy garlic yangnyeom super menu chicken soy garlic yangnyeom supreme ala yellow fit kitchen rendah kalori dan bergizi nasi merah protein_ayam,ayam soy garlic yangnyeom super menu chicken soy garlic yangnyeom supreme ala yellow fit kitchen rendah kalori dan bergizi,ayam,True
439,Ayam Goreng Kunyit Istimewa,ayam,525,nasi putih,menu ayam goreng kunyit deluxe ala yellow fit kitchen rendah kalori dan bergizi,"['nasi', 'putih']",ayam goreng kunyit deluxe ayam nasi putih menu ayam goreng kunyit deluxe ala yellow fit kitchen rendah kalori dan bergizi,nasi putih,ayam goreng kunyit istimewa,menu ayam goreng kunyit deluxe ala yellow fit kitchen rendah kalori dan bergizi,protein_ayam goreng,ayam goreng kunyit istimewa protein_ayam cooked,ayam goreng kunyit istimewa menu ayam goreng kunyit deluxe ala yellow fit kitchen rendah kalori dan bergizi nasi putih protein_ayam goreng,ayam goreng kunyit istimewa menu ayam goreng kunyit deluxe ala yellow fit kitchen rendah kalori dan bergizi,ayam,True
52,Buncis Sapi Lada Hitam,sapi,395,ubi jagung nasi merah nasi putih,tumis buncis dan sapi cincang saus lada hitam,"['nasi', 'merah', 'ubi', 'putih', 'jagung']",buncis sapi lada hitam sapi ubi jagung nasi merah nasi putih tumis buncis dan sapi cincang saus lada hitam,"ubi, jagung, nasi merah, nasi putih",buncis sapi lada hitam,tumis buncis dan sapi cincang saus lada hitam,protein_sapi blackpepper,buncis sapi lada hitam protein_sapi flavored,buncis sapi lada hitam tumis buncis dan sapi cincang saus lada hitam nasi merah ubi putih jagung protein_sapi blackpepper,buncis sapi lada hitam tumis buncis dan sapi cincang saus lada hitam,sapi,True
206,Rawon Surabaya Lengkap,sapi,447,kentang nasi merah nasi putih,menu rawon surabaya lengkap yang sehat dan lezat,"['nasi', 'putih', 'kentang', 'merah']",rawon surabaya lengkap sapi kentang nasi merah nasi putih menu rawon surabaya lengkap yang sehat dan lezat,"kentang, nasi merah, nasi putih",rawon surabaya lengkap,menu rawon surabaya lengkap yang sehat dan lezat,,rawon surabaya lengkap protein_sapi,rawon surabaya lengkap menu rawon surabaya lengkap yang sehat dan lezat nasi putih kentang merah ,rawon surabaya lengkap menu rawon surabaya lengkap yang sehat dan lezat,sapi,True
248,Japanese Sapi Gyudon Dengan Lemonilo Premium,sapi,410,kentang ubi nasi merah nasi putih,menu japanese beef gyudon with lemonilo premium yang sehat dan lezat,"['nasi', 'merah', 'ubi', 'putih', 'kentang']",japanese beef gyudon with lemonilo premium sapi kentang ubi nasi merah nasi putih menu japanese beef gyudon with lemonilo premium yang sehat dan lezat,"kentang, ubi, nasi merah, nasi putih",japanese sapi gyudon dengan lemonilo premium,menu japanese beef gyudon with lemonilo premium yang sehat dan lezat,protein_sapi,japanese sapi gyudon dengan lemonilo premium protein_sapi,japanese sapi gyudon dengan lemonilo premium menu japanese beef gyudon with lemonilo premium yang sehat dan lezat nasi merah ubi putih kentang protein_sapi,japanese sapi gyudon dengan lemonilo premium menu japanese beef gyudon with lemonilo premium yang sehat dan lezat,sapi,True
422,Bakwan Sayur Sehat,vegetarian,530,nasi merah,menu bakwan sayur healthy ala yellow fit kitchen rendah kalori dan bergizi,"['nasi', 'merah']",bakwan sayur healthy lainnya nasi merah menu bakwan sayur healthy ala yellow fit kitchen rendah kalori dan bergizi,nasi merah,bakwan sayur sehat,menu bakwan sayur healthy ala yellow fit kitchen rendah kalori dan bergizi,,bakwan sayur sehat protein_vegetarian,bakwan sayur sehat menu bakwan sayur healthy ala yellow fit kitchen rendah kalori dan bergizi nasi merah ,bakwan sayur sehat menu bakwan sayur healthy ala yellow fit kitchen rendah kalori dan bergizi,vegetarian,True
200,Japanese Sapi Gyudon Dengan Lemonilo Premium,sapi,423,kentang nasi merah nasi putih,menu japanese beef gyudon with lemonilo premium yang sehat dan lezat,"['nasi', 'putih', 'kentang', 'merah']",japanese beef gyudon with lemonilo premium sapi kentang nasi merah nasi putih menu japanese beef gyudon with lemonilo premium yang sehat dan lezat,"kentang, nasi merah, nasi putih",japanese sapi gyudon dengan lemonilo premium,menu japanese beef gyudon with lemonilo premium yang sehat dan lezat,protein_sapi,japanese sapi gyudon dengan lemonilo premium protein_sapi,japanese sapi gyudon dengan lemonilo premium menu japanese beef gyudon with lemonilo premium yang sehat dan lezat nasi putih kentang merah protein_sapi,japanese sapi gyudon dengan lemonilo premium menu japanese beef gyudon with lemonilo premium yang sehat dan lezat,sapi,True
467,Tempe Goreng Wijen,vegetarian,250,kentang nasi putih,tempe goreng dengan taburan wijen wangi gurih,"['kentang', 'nasi', 'putih']",tempe goreng wijen vegetarian kentang nasi putih tempe goreng dengan taburan wijen wangi gurih,"kentang, nasi putih",tempe goreng wijen,tempe goreng dengan taburan wijen wangi gurih,protein_vegetarian,tempe goreng wijen protein_vegetarian cooked,tempe goreng wijen tempe goreng dengan taburan wijen wangi gurih nasi putih kentang protein_vegetarian,tempe goreng wijen tempe goreng dengan taburan wijen wangi gurih,vegetarian,True
160,Soto Bandung Lengkap,ayam,355,jagung nasi merah nasi putih,menu soto bandung lengkap yang sehat dan lezat,"['nasi', 'putih', 'jagung', 'merah']",soto bandung lengkap sapi jagung nasi merah nasi putih menu soto bandung lengkap yang sehat dan lezat,"jagung, nasi merah, nasi putih",soto bandung lengkap,menu soto bandung lengkap yang sehat dan lezat,,soto bandung lengkap soto bandung lengkap,soto bandung lengkap menu soto bandung lengkap yang sehat dan lezat nasi putih jagung merah ,soto bandung lengkap menu soto bandung lengkap yang sehat dan lezat,ayam,True
416,Torikatsu Ayam Ramen Chef S Choice,ayam,537,nasi merah,menu torikatsu chicken ramen chef s choice ala yellow fit kitchen rendah kalori dan bergizi,"['nasi', 'merah']",torikatsu chicken ramen chef s choice ayam nasi merah menu torikatsu chicken ramen chef s choice ala yellow fit kitchen rendah kalori dan bergizi,nasi merah,torikatsu ayam ramen chef s choice,menu torikatsu chicken ramen chef s choice ala yellow fit kitchen rendah kalori dan bergizi,protein_ayam,torikatsu ayam ramen chef s choice protein_ayam,torikatsu ayam ramen chef s choice menu torikatsu chicken ramen chef s choice ala yellow fit kitchen rendah kalori dan bergizi nasi merah protein_ayam,torikatsu ayam ramen chef s choice menu torikatsu chicken ramen chef s choice ala yellow fit kitchen rendah kalori dan bergizi,ayam,True
313,Mac Diet Panas Spesial,ayam,527,nasi merah,menu mac diet panas special ala yellow fit kitchen rendah kalori dan bergizi,"['nasi', 'merah']",mac diet panas special lainnya nasi merah menu mac diet panas special ala yellow fit kitchen rendah kalori dan bergizi,nasi merah,mac diet panas spesial,menu mac diet panas special ala yellow fit kitchen rendah kalori dan bergizi,,mac diet panas spesial mac diet panas spesial,mac diet panas spesial menu mac diet panas special ala yellow fit kitchen rendah kalori dan bergizi nasi merah ,mac diet panas spesial menu mac diet panas special ala yellow fit kitchen rendah kalori dan bergizi,ayam,True
392,Ayam Truffle Meatballs Yellowfit,ayam,528,nasi merah,menu chicken truffle meatballs yellowfit ala yellow fit kitchen rendah kalori dan bergizi,"['nasi', 'merah']",chicken truffle meatballs yellowfit ayam nasi merah menu chicken truffle meatballs yellowfit ala yellow fit kitchen rendah kalori dan bergizi,nasi merah,ayam truffle meatballs yellowfit,menu chicken truffle meatballs yellowfit ala yellow fit kitchen rendah kalori dan bergizi,protein_ayam,ayam truffle meatballs yellowfit protein_sapi protein_ayam,ayam truffle meatballs yellowfit menu chicken truffle meatballs yellowfit ala yellow fit kitchen rendah kalori dan bergizi nasi merah protein_ayam,ayam truffle meatballs yellowfit menu chicken truffle meatballs yellowfit ala yellow fit kitchen rendah kalori dan bergizi,ayam,True
343,Udang Cake Thailand Saus Spesial,ikan,524,nasi kuning,menu prawn cake thailand sauce special ala yellow fit kitchen rendah kalori dan bergizi,"['nasi', 'kuning']",prawn cake thailand sauce special ikan nasi kuning menu prawn cake thailand sauce special ala yellow fit kitchen rendah kalori dan bergizi,nasi kuning,udang cake thailand saus spesial,menu prawn cake thailand sauce special ala yellow fit kitchen rendah kalori dan bergizi,,udang cake thailand saus spesial protein_ikan flavored,udang cake thailand saus spesial menu prawn cake thailand sauce special ala yellow fit kitchen rendah kalori dan bergizi nasi kuning ,udang cake thailand saus spesial menu prawn cake thailand sauce special ala yellow fit kitchen rendah kalori dan bergizi,ikan,True
21,Rolade Ayam,ayam,400,kentang nasi merah nasi putih,rolade ayam kukus disajikan dengan sayur sop,"['nasi', 'putih', 'kentang', 'merah']",rolade ayam ayam kentang nasi merah nasi putih rolade ayam kukus disajikan dengan sayur sop,"kentang, nasi merah, nasi putih",rolade ayam,rolade ayam kukus disajikan dengan sayur sop,protein_ayam,rolade ayam protein_ayam,rolade ayam rolade ayam kukus disajikan dengan sayur sop nasi putih kentang merah protein_ayam,rolade ayam rolade ayam kukus disajikan dengan sayur sop,ayam,True
216,Dori Sambal Matah Sehat,ikan,392,kentang ubi nasi merah nasi putih,menu dori sambal matah healthy yang sehat dan lezat,"['nasi', 'merah', 'ubi', 'putih', 'kentang']",dori sambal matah healthy ikan kentang ubi nasi merah nasi putih menu dori sambal matah healthy yang sehat dan lezat,"kentang, ubi, nasi merah, nasi putih",dori sambal matah sehat,menu dori sambal matah healthy yang sehat dan lezat,protein_ikan,dori sambal matah sehat protein_ikan,dori sambal matah sehat menu dori sambal matah healthy yang sehat dan lezat nasi merah ubi putih kentang protein_ikan,dori sambal matah sehat menu dori sambal matah healthy yang sehat dan lezat,ikan,True
253,Dori Telur Asin Diet,ikan,423,kentang ubi nasi merah nasi putih,menu dori salted egg diet yang sehat dan lezat,"['nasi', 'merah', 'ubi', 'putih', 'kentang']",dori salted egg diet ikan kentang ubi nasi merah nasi putih menu dori salted egg diet yang sehat dan lezat,"kentang, ubi, nasi merah, nasi putih",dori telur asin diet,menu dori salted egg diet yang sehat dan lezat,protein_ikan,dori telur asin diet protein_ikan,dori telur asin diet menu dori salted egg diet yang sehat dan lezat nasi merah ubi putih kentang protein_ikan,dori telur asin diet menu dori salted egg diet yang sehat dan lezat,ikan,True
229,Sapi Tofu Teriyaki Mangkuk,sapi,436,jagung nasi merah nasi putih,menu beef tofu teriyaki bowl yang sehat dan lezat,"['nasi', 'putih', 'jagung', 'merah']",beef tofu teriyaki bowl sapi jagung nasi merah nasi putih menu beef tofu teriyaki bowl yang sehat dan lezat,"jagung, nasi merah, nasi putih",sapi tofu teriyaki mangkuk,menu beef tofu teriyaki bowl yang sehat dan lezat,protein_sapi teriyaki,sapi tofu teriyaki mangkuk protein_sapi flavored,sapi tofu teriyaki mangkuk menu beef tofu teriyaki bowl yang sehat dan lezat nasi putih jagung merah protein_sapi teriyaki,sapi tofu teriyaki mangkuk menu beef tofu teriyaki bowl yang sehat dan lezat,sapi,True
244,Ayam Teriyaki Panggang Sehat,ayam,437,kentang nasi merah nasi putih,menu chicken teriyaki grill healthy yang sehat dan lezat,"['nasi', 'putih', 'kentang', 'merah']",chicken teriyaki grill healthy ayam kentang nasi merah nasi putih menu chicken teriyaki grill healthy yang sehat dan lezat,"kentang, nasi merah, nasi putih",ayam teriyaki panggang sehat,menu chicken teriyaki grill healthy yang sehat dan lezat,protein_ayam panggang teriyaki,ayam teriyaki panggang sehat protein_ayam cooked flavored,ayam teriyaki panggang sehat menu chicken teriyaki grill healthy yang sehat dan lezat nasi putih kentang merah protein_ayam panggang teriyaki,ayam teriyaki panggang sehat menu chicken teriyaki grill healthy yang sehat dan lezat,ayam,True
215,Ayam Karage Saus Korea Lengkap,ayam,379,kentang nasi merah nasi putih,menu chicken karage saus korea lengkap yang sehat dan lezat,"['nasi', 'putih', 'kentang', 'merah']",chicken karage saus korea lengkap ayam kentang nasi merah nasi putih menu chicken karage saus korea lengkap yang sehat dan lezat,"kentang, nasi merah, nasi putih",ayam karage saus korea lengkap,menu chicken karage saus korea lengkap yang sehat dan lezat,protein_ayam,ayam karage saus korea lengkap protein_ayam flavored,ayam karage saus korea lengkap menu chicken karage saus korea lengkap yang sehat dan lezat nasi putih kentang merah protein_ayam,ayam karage saus korea lengkap menu chicken karage saus korea lengkap yang sehat dan lezat,ayam,True
225,Sapi Cabe Garam Lengkap,sapi,434,jagung nasi merah nasi putih,menu sapi cabe garam lengkap yang sehat dan lezat,"['nasi', 'putih', 'jagung', 'merah']",sapi cabe garam lengkap sapi jagung nasi merah nasi putih menu sapi cabe garam lengkap yang sehat dan lezat,"jagung, nasi merah, nasi putih",sapi cabe garam lengkap,menu sapi cabe garam lengkap yang sehat dan lezat,protein_sapi,sapi cabe garam lengkap protein_sapi,sapi cabe garam lengkap menu sapi cabe garam lengkap yang sehat dan lezat nasi putih jagung merah protein_sapi,sapi cabe garam lengkap menu sapi cabe garam lengkap yang sehat dan lezat,sapi,True
98,Cah Ayam Buncis,ayam,395,jagung nasi merah nasi putih,tumis buncis ayam cincang lauk telur mata sapi,"['nasi', 'putih', 'jagung', 'merah']",cah ayam buncis ayam jagung nasi merah nasi putih tumis buncis ayam cincang lauk telur mata sapi,"jagung, nasi merah, nasi putih",cah ayam buncis,tumis buncis ayam cincang lauk telur mata sapi,protein_ayam,cah ayam buncis protein_ayam,cah ayam buncis tumis buncis ayam cincang lauk telur mata sapi nasi putih jagung merah protein_ayam,cah ayam buncis tumis buncis ayam cincang lauk telur mata sapi,ayam,True
382,Ayam Asam Manis Sehat Yellowfit,ayam,530,nasi putih,menu ayam asam manis healthy yellowfit ala yellow fit kitchen rendah kalori dan bergizi,"['nasi', 'putih']",ayam asam manis healthy yellowfit ayam nasi putih menu ayam asam manis healthy yellowfit ala yellow fit kitchen rendah kalori dan bergizi,nasi putih,ayam asam manis sehat yellowfit,menu ayam asam manis healthy yellowfit ala yellow fit kitchen rendah kalori dan bergizi,protein_ayam manis,ayam asam manis sehat yellowfit protein_ayam flavored,ayam asam manis sehat yellowfit menu ayam asam manis healthy yellowfit ala yellow fit kitchen rendah kalori dan bergizi nasi putih protein_ayam manis,ayam asam manis sehat yellowfit menu ayam asam manis healthy yellowfit ala yellow fit kitchen rendah kalori dan bergizi,ayam,True
404,Sehat Japanese Sushi Roll,ayam,527,nasi hitam,menu healthy japanese sushi roll ala yellow fit kitchen rendah kalori dan bergizi,"['nasi', 'hitam']",healthy japanese sushi roll lainnya nasi hitam menu healthy japanese sushi roll ala yellow fit kitchen rendah kalori dan bergizi,nasi hitam,sehat japanese sushi roll,menu healthy japanese sushi roll ala yellow fit kitchen rendah kalori dan bergizi,,sehat japanese sushi roll sehat japanese sushi roll,sehat japanese sushi roll menu healthy japanese sushi roll ala yellow fit kitchen rendah kalori dan bergizi nasi hitam ,sehat japanese sushi roll menu healthy japanese sushi roll ala yellow fit kitchen rendah kalori dan bergizi,ayam,True
29,Ayam Madu,ayam,400,kentang nasi merah nasi putih,ayam panggang saus madu rasa manis gurih,"['nasi', 'putih', 'kentang', 'merah']",chicken honey ayam kentang nasi merah nasi putih ayam panggang saus madu rasa manis gurih,"kentang, nasi merah, nasi putih",ayam madu,ayam panggang saus madu rasa manis gurih,protein_ayam,ayam madu protein_ayam,ayam madu ayam panggang saus madu rasa manis gurih nasi putih kentang merah protein_ayam,ayam madu ayam panggang saus madu rasa manis gurih,ayam,True
176,Dori Sambal Matah Sehat,ikan,355,jagung nasi merah nasi putih,menu dori sambal matah healthy yang sehat dan lezat,"['nasi', 'putih', 'jagung', 'merah']",dori sambal matah healthy ikan jagung nasi merah nasi putih menu dori sambal matah healthy yang sehat dan lezat,"jagung, nasi merah, nasi putih",dori sambal matah sehat,menu dori sambal matah healthy yang sehat dan lezat,protein_ikan,dori sambal matah sehat protein_ikan,dori sambal matah sehat menu dori sambal matah healthy yang sehat dan lezat nasi putih jagung merah protein_ikan,dori sambal matah sehat menu dori sambal matah healthy yang sehat dan lezat,ikan,True
323,Opor Susu Legenda Spesial,ayam,511,nasi merah,menu opor susu legenda special ala yellow fit kitchen rendah kalori dan bergizi,"['nasi', 'merah']",opor susu legenda special lainnya nasi merah menu opor susu legenda special ala yellow fit kitchen rendah kalori dan bergizi,nasi merah,opor susu legenda spesial,menu opor susu legenda special ala yellow fit kitchen rendah kalori dan bergizi,,opor susu legenda spesial opor susu legenda spesial,opor susu legenda spesial menu opor susu legenda special ala yellow fit kitchen rendah kalori dan bergizi nasi merah ,opor susu legenda spesial menu opor susu legenda special ala yellow fit kitchen rendah kalori dan bergizi,ayam,True
140,Dengan Nasi Merah Paket,ayam,369,jagung nasi merah kentang,menu with brown rice box yang sehat dan lezat,"['nasi', 'kentang', 'jagung', 'merah']",with brown rice box lainnya jagung nasi merah kentang menu with brown rice box yang sehat dan lezat,"jagung, nasi merah, kentang",dengan nasi merah paket,menu with brown rice box yang sehat dan lezat,,dengan nasi merah paket dengan nasi merah paket,dengan nasi merah paket menu with brown rice box yang sehat dan lezat nasi kentang jagung merah ,dengan nasi merah paket menu with brown rice box yang sehat dan lezat,ayam,True
142,Ayam Bakar Mangkuk,ayam,430,kentang ubi nasi merah nasi putih,menu ayam bakar bowl yang sehat dan lezat,"['nasi', 'merah', 'ubi', 'putih', 'kentang']",ayam bakar bowl ayam kentang ubi nasi merah nasi putih menu ayam bakar bowl yang sehat dan lezat,"kentang, ubi, nasi merah, nasi putih",ayam bakar mangkuk,menu ayam bakar bowl yang sehat dan lezat,protein_ayam panggang,ayam bakar mangkuk protein_ayam cooked,ayam bakar mangkuk menu ayam bakar bowl yang sehat dan lezat nasi merah ubi putih kentang protein_ayam panggang,ayam bakar mangkuk menu ayam bakar bowl yang sehat dan lezat,ayam,True
194,Ayam Krispi Saus Barbeque Lengkap,ayam,427,kentang nasi merah nasi putih,menu chicken crispy saus barbeque lengkap yang sehat dan lezat,"['nasi', 'putih', 'kentang', 'merah']",chicken crispy saus barbeque lengkap ayam kentang nasi merah nasi putih menu chicken crispy saus barbeque lengkap yang sehat dan lezat,"kentang, nasi merah, nasi putih",ayam krispi saus barbeque lengkap,menu chicken crispy saus barbeque lengkap yang sehat dan lezat,protein_ayam,ayam krispi saus barbeque lengkap protein_ayam flavored,ayam krispi saus barbeque lengkap menu chicken crispy saus barbeque lengkap yang sehat dan lezat nasi putih kentang merah protein_ayam,ayam krispi saus barbeque lengkap menu chicken crispy saus barbeque lengkap yang sehat dan lezat,ayam,True
473,Lumpia Sayuran,vegetarian,220,nasi merah,lumpia isi sayuran segar digoreng renyah,"['nasi', 'merah']",lumpia sayuran vegetarian nasi merah lumpia isi sayuran segar digoreng renyah,nasi merah,lumpia sayuran,lumpia isi sayuran segar digoreng renyah,protein_vegetarian,lumpia sayuran protein_vegetarian,lumpia sayuran lumpia isi sayuran segar digoreng renyah nasi merah protein_vegetarian,lumpia sayuran lumpia isi sayuran segar digoreng renyah,vegetarian,True
370,Ayam Telur Okonomiyaki Spesial,ayam,513,nasi hitam,menu chicken egg okonomiyaki special ala yellow fit kitchen rendah kalori dan bergizi,"['nasi', 'hitam']",chicken egg okonomiyaki special ayam nasi hitam menu chicken egg okonomiyaki special ala yellow fit kitchen rendah kalori dan bergizi,nasi hitam,ayam telur okonomiyaki spesial,menu chicken egg okonomiyaki special ala yellow fit kitchen rendah kalori dan bergizi,protein_ayam,ayam telur okonomiyaki spesial protein_ayam,ayam telur okonomiyaki spesial menu chicken egg okonomiyaki special ala yellow fit kitchen rendah kalori dan bergizi nasi hitam protein_ayam,ayam telur okonomiyaki spesial menu chicken egg okonomiyaki special ala yellow fit kitchen rendah kalori dan bergizi,ayam,True
399,Ayam Soy Garlic Yangnyeom Super,ayam,530,nasi merah,menu chicken soy garlic yangnyeom supreme ala yellow fit kitchen rendah kalori dan bergizi,"['nasi', 'merah']",chicken soy garlic yangnyeom supreme ayam nasi merah menu chicken soy garlic yangnyeom supreme ala yellow fit kitchen rendah kalori dan bergizi,nasi merah,ayam soy garlic yangnyeom super,menu chicken soy garlic yangnyeom supreme ala yellow fit kitchen rendah kalori dan bergizi,protein_ayam,ayam soy garlic yangnyeom super protein_ayam,ayam soy garlic yangnyeom super menu chicken soy garlic yangnyeom supreme ala yellow fit kitchen rendah kalori dan bergizi nasi merah protein_ayam,ayam soy garlic yangnyeom super menu chicken soy garlic yangnyeom supreme ala yellow fit kitchen rendah kalori dan bergizi,ayam,True
78,Sapi Tofu Teriyaki,sapi,400,jagung nasi merah nasi putih,daging sapi dan tahu saus teriyaki sayur kukus,"['nasi', 'putih', 'jagung', 'merah']",beef tofu teriyaki sapi jagung nasi merah nasi putih daging sapi dan tahu saus teriyaki sayur kukus,"jagung, nasi merah, nasi putih",sapi tofu teriyaki,daging sapi dan tahu saus teriyaki sayur kukus,protein_sapi teriyaki,sapi tofu teriyaki protein_sapi flavored,sapi tofu teriyaki daging sapi dan tahu saus teriyaki sayur kukus nasi putih jagung merah protein_sapi teriyaki,sapi tofu teriyaki daging sapi dan tahu saus teriyaki sayur kukus,sapi,True
170,Ayam Teriyaki Panggang Lengkap,ayam,379,jagung nasi merah kentang,menu chicken teriyaki grill lengkap yang sehat dan lezat,"['nasi', 'kentang', 'jagung', 'merah']",chicken teriyaki grill lengkap ayam jagung nasi merah kentang menu chicken teriyaki grill lengkap yang sehat dan lezat,"jagung, nasi merah, kentang",ayam teriyaki panggang lengkap,menu chicken teriyaki grill lengkap yang sehat dan lezat,protein_ayam panggang teriyaki,ayam teriyaki panggang lengkap protein_ayam cooked flavored,ayam teriyaki panggang lengkap menu chicken teriyaki grill lengkap yang sehat dan lezat nasi kentang jagung merah protein_ayam panggang teriyaki,ayam teriyaki panggang lengkap menu chicken teriyaki grill lengkap yang sehat dan lezat,ayam,True
94,Pasta Aglio Eolio Dori Stik,ikan,395,pasta,pasta aglio eolio stik dori hidangan penutup,['pasta'],pasta aglio eolio dori stik ikan pasta pasta aglio eolio stik dori hidangan penutup,pasta,pasta aglio eolio dori stik,pasta aglio eolio stik dori hidangan penutup,protein_ikan,pasta aglio eolio dori stik protein_ikan,pasta aglio eolio dori stik pasta aglio eolio stik dori hidangan penutup pasta protein_ikan,pasta aglio eolio dori stik pasta aglio eolio stik dori hidangan penutup,ikan,True
136,Sei Sapi Paket,sapi,355,jagung nasi merah kentang,menu sei sapi box yang sehat dan lezat,"['nasi', 'kentang', 'jagung', 'merah']",sei sapi box sapi jagung nasi merah kentang menu sei sapi box yang sehat dan lezat,"jagung, nasi merah, kentang",sei sapi paket,menu sei sapi box yang sehat dan lezat,protein_sapi,sei sapi paket protein_sapi,sei sapi paket menu sei sapi box yang sehat dan lezat nasi kentang jagung merah protein_sapi,sei sapi paket menu sei sapi box yang sehat dan lezat,sapi,True
135,Ayam Potatoes Mangkuk,ayam,380,kentang ubi nasi merah nasi putih,menu chicken potatoes bowl yang sehat dan lezat,"['nasi', 'merah', 'ubi', 'putih', 'kentang']",chicken potatoes bowl ayam kentang ubi nasi merah nasi putih menu chicken potatoes bowl yang sehat dan lezat,"kentang, ubi, nasi merah, nasi putih",ayam potatoes mangkuk,menu chicken potatoes bowl yang sehat dan lezat,protein_ayam,ayam potatoes mangkuk protein_ayam,ayam potatoes mangkuk menu chicken potatoes bowl yang sehat dan lezat nasi merah ubi putih kentang protein_ayam,ayam potatoes mangkuk menu chicken potatoes bowl yang sehat dan lezat,ayam,True
214,Ayam Rolade Sehat,ayam,449,jagung nasi merah nasi putih,menu chicken rolade healthy yang sehat dan lezat,"['nasi', 'putih', 'jagung', 'merah']",chicken rolade healthy ayam jagung nasi merah nasi putih menu chicken rolade healthy yang sehat dan lezat,"jagung, nasi merah, nasi putih",ayam rolade sehat,menu chicken rolade healthy yang sehat dan lezat,protein_ayam,ayam rolade sehat protein_ayam,ayam rolade sehat menu chicken rolade healthy yang sehat dan lezat nasi putih jagung merah protein_ayam,ayam rolade sehat menu chicken rolade healthy yang sehat dan lezat,ayam,True
249,Ayam Serundeng Sehat,ayam,425,jagung nasi merah nasi putih,menu ayam serundeng healthy yang sehat dan lezat,"['nasi', 'putih', 'jagung', 'merah']",ayam serundeng healthy ayam jagung nasi merah nasi putih menu ayam serundeng healthy yang sehat dan lezat,"jagung, nasi merah, nasi putih",ayam serundeng sehat,menu ayam serundeng healthy yang sehat dan lezat,protein_ayam,ayam serundeng sehat protein_ayam,ayam serundeng sehat menu ayam serundeng healthy yang sehat dan lezat nasi putih jagung merah protein_ayam,ayam serundeng sehat menu ayam serundeng healthy yang sehat dan lezat,ayam,True
31,Bola Daging Teriyaki,sapi,400,kentang nasi merah nasi putih,bola daging sapi saus teriyaki dengan sayur sop,"['nasi', 'putih', 'kentang', 'merah']",bola daging teriyaki sapi kentang nasi merah nasi putih bola daging sapi saus teriyaki dengan sayur sop,"kentang, nasi merah, nasi putih",bola daging teriyaki,bola daging sapi saus teriyaki dengan sayur sop,protein_sapi teriyaki,bola daging teriyaki protein_sapi flavored,bola daging teriyaki bola daging sapi saus teriyaki dengan sayur sop nasi putih kentang merah protein_sapi teriyaki,bola daging teriyaki bola daging sapi saus teriyaki dengan sayur sop,sapi,True
81,Ayam Maranggi,ayam,400,kentang nasi merah nasi putih,ayam bumbu maranggi tumis sayur lauk telur,"['nasi', 'putih', 'kentang', 'merah']",ayam maranggi ayam kentang nasi merah nasi putih ayam bumbu maranggi tumis sayur lauk telur,"kentang, nasi merah, nasi putih",ayam maranggi,ayam bumbu maranggi tumis sayur lauk telur,protein_ayam,ayam maranggi protein_ayam,ayam maranggi ayam bumbu maranggi tumis sayur lauk telur nasi putih kentang merah protein_ayam,ayam maranggi ayam bumbu maranggi tumis sayur lauk telur,ayam,True
143,Sei Ayam Dengan Lemonilo Premium,ayam,418,jagung nasi merah kentang,menu sei ayam with lemonilo premium yang sehat dan lezat,"['nasi', 'kentang', 'jagung', 'merah']",sei ayam with lemonilo premium ayam jagung nasi merah kentang menu sei ayam with lemonilo premium yang sehat dan lezat,"jagung, nasi merah, kentang",sei ayam dengan lemonilo premium,menu sei ayam with lemonilo premium yang sehat dan lezat,protein_ayam,sei ayam dengan lemonilo premium protein_ayam,sei ayam dengan lemonilo premium menu sei ayam with lemonilo premium yang sehat dan lezat nasi kentang jagung merah protein_ayam,sei ayam dengan lemonilo premium menu sei ayam with lemonilo premium yang sehat dan lezat,ayam,True
141,Japanese Sapi Gyudon Dengan Nasi Merah Mangkuk,sapi,355,jagung nasi merah nasi putih,menu japanese beef gyudon with brown rice bowl yang sehat dan lezat,"['nasi', 'putih', 'jagung', 'merah']",japanese beef gyudon with brown rice bowl sapi jagung nasi merah nasi putih menu japanese beef gyudon with brown rice bowl yang sehat dan lezat,"jagung, nasi merah, nasi putih",japanese sapi gyudon dengan nasi merah mangkuk,menu japanese beef gyudon with brown rice bowl yang sehat dan lezat,protein_sapi,japanese sapi gyudon dengan nasi merah mangkuk protein_sapi,japanese sapi gyudon dengan nasi merah mangkuk menu japanese beef gyudon with brown rice bowl yang sehat dan lezat nasi putih jagung merah protein_sapi,japanese sapi gyudon dengan nasi merah mangkuk menu japanese beef gyudon with brown rice bowl yang sehat dan lezat,sapi,True
105,Ikan Woku,ikan,400,kentang nasi merah nasi putih,ikan bumbu woku pedas kemangi lauk telur orak arik,"['nasi', 'putih', 'kentang', 'merah']",ikan woku ikan kentang nasi merah nasi putih ikan bumbu woku pedas kemangi lauk telur orak arik,"kentang, nasi merah, nasi putih",ikan woku,ikan bumbu woku pedas kemangi lauk telur orak arik,protein_ikan,ikan woku protein_ikan,ikan woku ikan bumbu woku pedas kemangi lauk telur orak arik nasi putih kentang merah protein_ikan,ikan woku ikan bumbu woku pedas kemangi lauk telur orak arik,ikan,True
437,Sapi Short Ribs Rendang Spesial,sapi,542,nasi kuning,menu beef short ribs rendang special ala yellow fit kitchen rendah kalori dan bergizi,"['nasi', 'kuning']",beef short ribs rendang special sapi nasi kuning menu beef short ribs rendang special ala yellow fit kitchen rendah kalori dan bergizi,nasi kuning,sapi short ribs rendang spesial,menu beef short ribs rendang special ala yellow fit kitchen rendah kalori dan bergizi,protein_sapi,sapi short ribs rendang spesial protein_sapi,sapi short ribs rendang spesial menu beef short ribs rendang special ala yellow fit kitchen rendah kalori dan bergizi nasi kuning protein_sapi,sapi short ribs rendang spesial menu beef short ribs rendang special ala yellow fit kitchen rendah kalori dan bergizi,sapi,True
34,Bola Ayam Saus Asam Pedas,ayam,400,jagung nasi merah nasi putih,bola ayam saus asam pedas segar tumis sayur,"['nasi', 'putih', 'jagung', 'merah']",bola ayam saus asam pedas ayam jagung nasi merah nasi putih bola ayam saus asam pedas segar tumis sayur,"jagung, nasi merah, nasi putih",bola ayam saus asam pedas,bola ayam saus asam pedas segar tumis sayur,protein_ayam pedas,bola ayam saus asam pedas protein_ayam flavored,bola ayam saus asam pedas bola ayam saus asam pedas segar tumis sayur nasi putih jagung merah protein_ayam pedas,bola ayam saus asam pedas bola ayam saus asam pedas segar tumis sayur,ayam,True
266,Bola Daging Teriyaki Paket,sapi,355,kentang nasi merah nasi putih,menu bola daging teriyaki box yang sehat dan lezat,"['nasi', 'putih', 'kentang', 'merah']",bola daging teriyaki box sapi kentang nasi merah nasi putih menu bola daging teriyaki box yang sehat dan lezat,"kentang, nasi merah, nasi putih",bola daging teriyaki paket,menu bola daging teriyaki box yang sehat dan lezat,protein_sapi teriyaki,bola daging teriyaki paket protein_sapi flavored,bola daging teriyaki paket menu bola daging teriyaki box yang sehat dan lezat nasi putih kentang merah protein_sapi teriyaki,bola daging teriyaki paket menu bola daging teriyaki box yang sehat dan lezat,sapi,True
496,Kwetiau Siram Sayur,vegetarian,340,kwetiau,kwetiau kuah kental dengan sayuran dan telur kocok,['kwetiau'],kwetiau siram sayur vegetarian kwetiau kwetiau kuah kental dengan sayuran dan telur kocok,kwetiau,kwetiau siram sayur,kwetiau kuah kental dengan sayuran dan telur kocok,protein_vegetarian,kwetiau siram sayur protein_vegetarian,kwetiau siram sayur kwetiau kuah kental dengan sayuran dan telur kocok kwetiau protein_vegetarian,kwetiau siram sayur kwetiau kuah kental dengan sayuran dan telur kocok,vegetarian,True
457,Tahu Kari,vegetarian,250,kentang nasi putih,kari tahu bumbu rempah tanpa santan rendah lemak,"['kentang', 'nasi', 'putih']",tahu kari vegetarian kentang nasi putih kari tahu bumbu rempah tanpa santan rendah lemak,"kentang, nasi putih",tahu kari,kari tahu bumbu rempah tanpa santan rendah lemak,protein_vegetarian,tahu kari protein_vegetarian flavored,tahu kari kari tahu bumbu rempah tanpa santan rendah lemak nasi putih kentang protein_vegetarian,tahu kari kari tahu bumbu rempah tanpa santan rendah lemak,vegetarian,True
192,Dori Popcorn Premium,ikan,436,kentang ubi nasi merah nasi putih,menu dori popcorn premium yang sehat dan lezat,"['nasi', 'merah', 'ubi', 'putih', 'kentang']",dori popcorn premium ikan kentang ubi nasi merah nasi putih menu dori popcorn premium yang sehat dan lezat,"kentang, ubi, nasi merah, nasi putih",dori popcorn premium,menu dori popcorn premium yang sehat dan lezat,protein_ikan,dori popcorn premium protein_ikan,dori popcorn premium menu dori popcorn premium yang sehat dan lezat nasi merah ubi putih kentang protein_ikan,dori popcorn premium menu dori popcorn premium yang sehat dan lezat,ikan,True
213,Soto Ayam Spesial Diet,ayam,430,kentang nasi merah nasi putih,menu soto ayam spesial diet yang sehat dan lezat,"['nasi', 'putih', 'kentang', 'merah']",soto ayam spesial diet ayam kentang nasi merah nasi putih menu soto ayam spesial diet yang sehat dan lezat,"kentang, nasi merah, nasi putih",soto ayam spesial diet,menu soto ayam spesial diet yang sehat dan lezat,protein_ayam,soto ayam spesial diet protein_ayam,soto ayam spesial diet menu soto ayam spesial diet yang sehat dan lezat nasi putih kentang merah protein_ayam,soto ayam spesial diet menu soto ayam spesial diet yang sehat dan lezat,ayam,True
97,Sapi Yakiniku,sapi,400,kentang nasi merah nasi putih,daging sapi yakiniku tumis sayur lauk tahu,"['nasi', 'putih', 'kentang', 'merah']",beef yakiniku sapi kentang nasi merah nasi putih daging sapi yakiniku tumis sayur lauk tahu,"kentang, nasi merah, nasi putih",sapi yakiniku,daging sapi yakiniku tumis sayur lauk tahu,protein_sapi,sapi yakiniku protein_sapi,sapi yakiniku daging sapi yakiniku tumis sayur lauk tahu nasi putih kentang merah protein_sapi,sapi yakiniku daging sapi yakiniku tumis sayur lauk tahu,sapi,True
77,Ayam Bumbu Kari,ayam,400,kentang nasi merah nasi putih,ayam bumbu kari tanpa santan lauk telur orak arik,"['nasi', 'putih', 'kentang', 'merah']",ayam bumbu kari ayam kentang nasi merah nasi putih ayam bumbu kari tanpa santan lauk telur orak arik,"kentang, nasi merah, nasi putih",ayam bumbu kari,ayam bumbu kari tanpa santan lauk telur orak arik,protein_ayam,ayam bumbu kari protein_ayam flavored,ayam bumbu kari ayam bumbu kari tanpa santan lauk telur orak arik nasi putih kentang merah protein_ayam,ayam bumbu kari ayam bumbu kari tanpa santan lauk telur orak arik,ayam,True
261,Ayam Bakar Padang Spesial,ayam,360,kentang nasi merah nasi putih,menu ayam bakar padang spesial yang sehat dan lezat,"['nasi', 'putih', 'kentang', 'merah']",ayam bakar padang spesial ayam kentang nasi merah nasi putih menu ayam bakar padang spesial yang sehat dan lezat,"kentang, nasi merah, nasi putih",ayam bakar padang spesial,menu ayam bakar padang spesial yang sehat dan lezat,protein_ayam panggang,ayam bakar padang spesial protein_ayam cooked,ayam bakar padang spesial menu ayam bakar padang spesial yang sehat dan lezat nasi putih kentang merah protein_ayam panggang,ayam bakar padang spesial menu ayam bakar padang spesial yang sehat dan lezat,ayam,True
22,Ayam Panggang Sambal Matah,ayam,395,jagung ubi nasi merah nasi putih,ayam panggang disajikan dengan sambal matah segar,"['nasi', 'merah', 'ubi', 'putih', 'jagung']",chicken grill sambal matah ayam jagung ubi nasi merah nasi putih ayam panggang disajikan dengan sambal matah segar,"jagung, ubi, nasi merah, nasi putih",ayam panggang sambal matah,ayam panggang disajikan dengan sambal matah segar,protein_ayam panggang,ayam panggang sambal matah protein_ayam cooked,ayam panggang sambal matah ayam panggang disajikan dengan sambal matah segar nasi merah ubi putih jagung protein_ayam panggang,ayam panggang sambal matah ayam panggang disajikan dengan sambal matah segar,ayam,True
175,Ayam Lada Hitam Telur Tortila Lengkap,ayam,390,kentang ubi nasi merah nasi putih,menu chicken blackpepper egg tortila lengkap yang sehat dan lezat,"['nasi', 'merah', 'ubi', 'putih', 'kentang']",chicken blackpepper egg tortila lengkap ayam kentang ubi nasi merah nasi putih menu chicken blackpepper egg tortila lengkap yang sehat dan lezat,"kentang, ubi, nasi merah, nasi putih",ayam lada hitam telur tortila lengkap,menu chicken blackpepper egg tortila lengkap yang sehat dan lezat,protein_ayam blackpepper,ayam lada hitam telur tortila lengkap protein_ayam flavored,ayam lada hitam telur tortila lengkap menu chicken blackpepper egg tortila lengkap yang sehat dan lezat nasi merah ubi putih kentang protein_ayam blackpepper,ayam lada hitam telur tortila lengkap menu chicken blackpepper egg tortila lengkap yang sehat dan lezat,ayam,True
13,Ayam Saus Wijen,ayam,400,kentang nasi merah nasi putih,ayam tumis dengan saus wijen rasa gurih,"['nasi', 'putih', 'kentang', 'merah']",ayam saus wijen ayam kentang nasi merah nasi putih ayam tumis dengan saus wijen rasa gurih,"kentang, nasi merah, nasi putih",ayam saus wijen,ayam tumis dengan saus wijen rasa gurih,protein_ayam,ayam saus wijen protein_ayam flavored,ayam saus wijen ayam tumis dengan saus wijen rasa gurih nasi putih kentang merah protein_ayam,ayam saus wijen ayam tumis dengan saus wijen rasa gurih,ayam,True
434,Torikatsu Ayam Ramen Spesial,ayam,544,nasi hitam,menu torikatsu chicken ramen special ala yellow fit kitchen rendah kalori dan bergizi,"['nasi', 'hitam']",torikatsu chicken ramen special ayam nasi hitam menu torikatsu chicken ramen special ala yellow fit kitchen rendah kalori dan bergizi,nasi hitam,torikatsu ayam ramen spesial,menu torikatsu chicken ramen special ala yellow fit kitchen rendah kalori dan bergizi,protein_ayam,torikatsu ayam ramen spesial protein_ayam,torikatsu ayam ramen spesial menu torikatsu chicken ramen special ala yellow fit kitchen rendah kalori dan bergizi nasi hitam protein_ayam,torikatsu ayam ramen spesial menu torikatsu chicken ramen special ala yellow fit kitchen rendah kalori dan bergizi,ayam,True
87,Ayam Serundeng,ayam,400,jagung nasi merah nasi putih,ayam tabur serundeng tumis sayur lauk tahu tempe,"['nasi', 'putih', 'jagung', 'merah']",ayam serundeng ayam jagung nasi merah nasi putih ayam tabur serundeng tumis sayur lauk tahu tempe,"jagung, nasi merah, nasi putih",ayam serundeng,ayam tabur serundeng tumis sayur lauk tahu tempe,protein_ayam,ayam serundeng protein_ayam,ayam serundeng ayam tabur serundeng tumis sayur lauk tahu tempe nasi putih jagung merah protein_ayam,ayam serundeng ayam tabur serundeng tumis sayur lauk tahu tempe,ayam,True
5,Rawon Surabaya,sapi,400,kentang nasi merah nasi putih,daging rawon empuk kuah rempah lauk tempe,"['nasi', 'putih', 'kentang', 'merah']",rawon surabaya sapi kentang nasi merah nasi putih daging rawon empuk kuah rempah lauk tempe,"kentang, nasi merah, nasi putih",rawon surabaya,daging rawon empuk kuah rempah lauk tempe,,rawon surabaya protein_sapi,rawon surabaya daging rawon empuk kuah rempah lauk tempe nasi putih kentang merah ,rawon surabaya daging rawon empuk kuah rempah lauk tempe,sapi,True
23,Dori Katsu Balado,ikan,400,kentang nasi merah nasi putih,katsu ikan dori bumbu balado pedas tidak berminyak,"['nasi', 'putih', 'kentang', 'merah']",dori katsu balado ikan kentang nasi merah nasi putih katsu ikan dori bumbu balado pedas tidak berminyak,"kentang, nasi merah, nasi putih",dori katsu balado,katsu ikan dori bumbu balado pedas tidak berminyak,protein_ikan,dori katsu balado protein_ikan flavored,dori katsu balado katsu ikan dori bumbu balado pedas tidak berminyak nasi putih kentang merah protein_ikan,dori katsu balado katsu ikan dori bumbu balado pedas tidak berminyak,ikan,True
303,Telur Mata Sapi Balado Spesial,sapi,527,pasta,menu telur mata sapi balado special ala yellow fit kitchen rendah kalori dan bergizi,['pasta'],telur mata sapi balado special lainnya pasta menu telur mata sapi balado special ala yellow fit kitchen rendah kalori dan bergizi,pasta,telur mata sapi balado spesial,menu telur mata sapi balado special ala yellow fit kitchen rendah kalori dan bergizi,protein_sapi,telur mata sapi balado spesial protein_sapi flavored,telur mata sapi balado spesial menu telur mata sapi balado special ala yellow fit kitchen rendah kalori dan bergizi pasta protein_sapi,telur mata sapi balado spesial menu telur mata sapi balado special ala yellow fit kitchen rendah kalori dan bergizi,sapi,True
145,Rawon Surabaya Sapi Ayam Premium,ayam,417,jagung nasi merah nasi putih,menu rawon surabaya sapi ayam premium yang sehat dan lezat,"['nasi', 'putih', 'jagung', 'merah']",rawon surabaya sapi ayam premium lainnya jagung nasi merah nasi putih menu rawon surabaya sapi ayam premium yang sehat dan lezat,"jagung, nasi merah, nasi putih",rawon surabaya sapi ayam premium,menu rawon surabaya sapi ayam premium yang sehat dan lezat,protein_ayam protein_sapi,rawon surabaya sapi ayam premium protein_sapi protein_ayam,rawon surabaya sapi ayam premium menu rawon surabaya sapi ayam premium yang sehat dan lezat nasi putih jagung merah protein_ayam protein_sapi,rawon surabaya sapi ayam premium menu rawon surabaya sapi ayam premium yang sehat dan lezat,ayam,True
475,Tumis Kangkung Bawang,vegetarian,200,nasi putih,tumis kangkung segar dengan bawang putih gurih,"['nasi', 'putih']",tumis kangkung bawang vegetarian nasi putih tumis kangkung segar dengan bawang putih gurih,nasi putih,tumis kangkung bawang,tumis kangkung segar dengan bawang putih gurih,protein_vegetarian,tumis kangkung bawang protein_vegetarian,tumis kangkung bawang tumis kangkung segar dengan bawang putih gurih nasi putih protein_vegetarian,tumis kangkung bawang tumis kangkung segar dengan bawang putih gurih,vegetarian,True
459,Tahu Saus Mentega,vegetarian,280,nasi merah,tahu dalam saus mentega klasik gurih rendah minyak,"['nasi', 'merah']",tahu saus mentega vegetarian nasi merah tahu dalam saus mentega klasik gurih rendah minyak,nasi merah,tahu saus mentega,tahu dalam saus mentega klasik gurih rendah minyak,protein_vegetarian,tahu saus mentega protein_vegetarian flavored,tahu saus mentega tahu dalam saus mentega klasik gurih rendah minyak nasi merah protein_vegetarian,tahu saus mentega tahu dalam saus mentega klasik gurih rendah minyak,vegetarian,True
431,Khao Soi Noodle Super,ayam,527,nasi kuning,menu khao soi noodle supreme ala yellow fit kitchen rendah kalori dan bergizi,"['nasi', 'kuning']",khao soi noodle supreme lainnya nasi kuning menu khao soi noodle supreme ala yellow fit kitchen rendah kalori dan bergizi,nasi kuning,khao soi noodle super,menu khao soi noodle supreme ala yellow fit kitchen rendah kalori dan bergizi,,khao soi noodle super khao soi noodle super,khao soi noodle super menu khao soi noodle supreme ala yellow fit kitchen rendah kalori dan bergizi nasi kuning ,khao soi noodle super menu khao soi noodle supreme ala yellow fit kitchen rendah kalori dan bergizi,ayam,True
104,Panggang Ayam Madu,ayam,395,jagung ubi nasi merah nasi putih,ayam panggang madu sayur kukus lauk tahu,"['nasi', 'merah', 'ubi', 'putih', 'jagung']",baked chicken honey ayam jagung ubi nasi merah nasi putih ayam panggang madu sayur kukus lauk tahu,"jagung, ubi, nasi merah, nasi putih",panggang ayam madu,ayam panggang madu sayur kukus lauk tahu,protein_ayam panggang,panggang ayam madu protein_ayam cooked,panggang ayam madu ayam panggang madu sayur kukus lauk tahu nasi merah ubi putih jagung protein_ayam panggang,panggang ayam madu ayam panggang madu sayur kukus lauk tahu,ayam,True
118,Tumis Ayam Brokoli,ayam,390,jagung nasi merah nasi putih,tumis ayam dan brokoli menu sehat klasik,"['nasi', 'putih', 'jagung', 'merah']",tumis ayam brokoli ayam jagung nasi merah nasi putih tumis ayam dan brokoli menu sehat klasik,"jagung, nasi merah, nasi putih",tumis ayam brokoli,tumis ayam dan brokoli menu sehat klasik,protein_ayam,tumis ayam brokoli protein_ayam,tumis ayam brokoli tumis ayam dan brokoli menu sehat klasik nasi putih jagung merah protein_ayam,tumis ayam brokoli tumis ayam dan brokoli menu sehat klasik,ayam,True
308,Ayam Goreng Kunyit Yellowfit,ayam,517,jagung,menu ayam goreng kunyit yellowfit ala yellow fit kitchen rendah kalori dan bergizi,['jagung'],ayam goreng kunyit yellowfit ayam jagung menu ayam goreng kunyit yellowfit ala yellow fit kitchen rendah kalori dan bergizi,jagung,ayam goreng kunyit yellowfit,menu ayam goreng kunyit yellowfit ala yellow fit kitchen rendah kalori dan bergizi,protein_ayam goreng,ayam goreng kunyit yellowfit protein_ayam cooked,ayam goreng kunyit yellowfit menu ayam goreng kunyit yellowfit ala yellow fit kitchen rendah kalori dan bergizi jagung protein_ayam goreng,ayam goreng kunyit yellowfit menu ayam goreng kunyit yellowfit ala yellow fit kitchen rendah kalori dan bergizi,ayam,True
129,Dori Keripik Saus Asam Manis,ikan,400,kentang nasi merah nasi putih,keping dori renyah saus asam manis tumis sayur,"['nasi', 'putih', 'kentang', 'merah']",dori chips saus asam manis ikan kentang nasi merah nasi putih keping dori renyah saus asam manis tumis sayur,"kentang, nasi merah, nasi putih",dori keripik saus asam manis,keping dori renyah saus asam manis tumis sayur,protein_ikan manis,dori keripik saus asam manis protein_ikan flavored,dori keripik saus asam manis keping dori renyah saus asam manis tumis sayur nasi putih kentang merah protein_ikan manis,dori keripik saus asam manis keping dori renyah saus asam manis tumis sayur,ikan,True
112,Dori Sambal Matah,ikan,390,kentang ubi nasi merah nasi putih,ikan dori sambal matah segar sayuran kukus,"['nasi', 'merah', 'ubi', 'putih', 'kentang']",dori sambal matah ikan kentang ubi nasi merah nasi putih ikan dori sambal matah segar sayuran kukus,"kentang, ubi, nasi merah, nasi putih",dori sambal matah,ikan dori sambal matah segar sayuran kukus,protein_ikan,dori sambal matah protein_ikan,dori sambal matah ikan dori sambal matah segar sayuran kukus nasi merah ubi putih kentang protein_ikan,dori sambal matah ikan dori sambal matah segar sayuran kukus,ikan,True
165,Ayam Stik Diet,ayam,360,kentang ubi nasi merah nasi putih,menu chicken steak diet yang sehat dan lezat,"['nasi', 'merah', 'ubi', 'putih', 'kentang']",chicken steak diet ayam kentang ubi nasi merah nasi putih menu chicken steak diet yang sehat dan lezat,"kentang, ubi, nasi merah, nasi putih",ayam stik diet,menu chicken steak diet yang sehat dan lezat,protein_ayam,ayam stik diet protein_ayam,ayam stik diet menu chicken steak diet yang sehat dan lezat nasi merah ubi putih kentang protein_ayam,ayam stik diet menu chicken steak diet yang sehat dan lezat,ayam,True
