No,Nama Menu,Kategori,Kalori (kcal),Sumber Karbohidrat,Bahan Utama / Pendamping,Deskripsi Singkat
1,Dori Cabe Garam,Ikan,395,"Jagung, Nasi Merah, Nasi Putih","Tumis Sayur, Snack","Ikan dori tumis, rasa pedas gurih, rendah minyak"
2,Sempol Ayam Grill,Ayam,395,"Kentang, Ubi, Nasi Merah, Nasi Putih","Steamed Vege, Snack","Ayam olahan panggang, tinggi protein, snack sehat"
3,Soto Ayam Spesial,Ayam,400,"Kentang, Nasi Merah, Nasi Putih","Steamed Vege, Sunny Egg","Soto ayam kuah bening, tanpa santan, lauk lengkap"
4,Beef Yakiniku,Sapi,395,"Jagung, Nasi Merah, Nasi Putih","Steamed Vege, Tofu","Daging sapi yakiniku, tumis sayur, saus gurih"
5,Rawon Surabaya,Sapi,400,"Kentang, Nasi Merah, Nasi Putih","Boiled Egg, Tempe","Daging rawon empuk, kuah rempah, lauk tempe"
6,Chicken Teriyaki Grill,Ayam,395,"Jagung, Ubi, Nasi Merah, Nasi Putih","Steamed Vege, Salad Sayur","Ayam panggang saus teriyaki, tanpa santan"
7,Ayam Serundeng,Ayam,400,"Kentang, Nasi Merah, Nasi Putih","Tumis Sayur, Tofu","Ayam bumbu serundeng, tumis sayur, protein nabati"
8,Dori Saus Mentega,Ikan,395,"Ubi, Nasi Merah, Nasi Putih","Steamed Vege, Snack","Ikan dori lembut, saus mentega gurih, tidak pedas"
9,Chicken Curry,Ayam,400,"Kentang, Nasi Merah, Nasi Putih","Tumis Sayur, Tofu","Kari ayam bumbu rempah, tanpa santan, rendah lemak"
10,Bola Ayam Crispy,Ayam,390,"Jagung, Ubi, Nasi Merah, Nasi Putih","Salad Sayur","Bola daging ayam garing, disajikan dengan salad segar"
11,Cah Ayam Jamur,Ayam,400,"Jagung, Nasi Merah, Kentang","Tumis Sayur, Tofu","Tumis ayam dan jamur, kaya protein, menu klasik"
12,Chicken Patty Crispy,Ayam,390,"Kentang, Nasi Merah, Nasi Putih","Steamed Vege, Sunny Egg","Patty ayam renyah, disajikan dengan telur mata sapi"
13,Ayam Saus Wijen,Ayam,400,"Kentang, Nasi Merah, Nasi Putih","Tumis Sayur, Snack","Ayam tumis dengan saus wijen, rasa gurih"
14,Cah Tahu Sapi,Sapi,395,"Jagung, Nasi Merah, Nasi Putih","Steamed Vege, Snack","Tumis tahu dan daging sapi cincang, protein seimbang"
15,Soto Bandung,Sapi,400,"Kentang, Nasi Merah, Nasi Putih","Steamed Vege, Boiled Egg, Snack","Soto daging sapi kuah bening, khas Bandung"
16,Chicken Herbs Grill & Egg Tortila,Ayam,395,"Jagung, Nasi Merah, Nasi Putih","Salad Sayur","Ayam panggang bumbu herbal, dengan tortila telur"
17,Chicken Blackpepper,Ayam,400,"Jagung, Nasi Merah, Nasi Putih","Tumis Sayur, Snack","Ayam lada hitam, tumis sayuran, rasa pedas hangat"
18,Dori Popcorn,Ikan,395,"","Pasta Creamy Sauce, Steamed Vege","Potongan dori renyah, disajikan dengan pasta saus krim"
19,Soto Daging Spesial,Sapi,400,"Kentang, Nasi Merah, Nasi Putih","Bihun & Tauge, Boiled Egg","Soto daging kuah kaya rempah, lauk lengkap"
20,Cah Buncis Ayam,Ayam,395,"Jagung, Nasi Merah, Nasi Putih","Tempe, Snack","Tumis buncis dengan ayam cincang, lauk tempe"
21,Rolade Ayam,Ayam,400,"Kentang, Nasi Merah, Nasi Putih","Sayur Sop, Snack","Rolade ayam kukus, disajikan dengan sayur sop"
22,Chicken Grill Sambal Matah,Ayam,395,"Jagung, Ubi, Nasi Merah, Nasi Putih","Steamed Vege, Tofu","Ayam panggang, disajikan dengan sambal matah segar"
23,Dori Katsu Balado,Ikan,400,"Kentang, Nasi Merah, Nasi Putih","Tumis Sayur, Snack","Katsu ikan dori, bumbu balado pedas, tidak berminyak"
24,Tahu Bakso Kuah,Sapi,395,"","Steamed Vege, Bihun, Snack","Tahu bakso sapi, kuah kaldu segar, tanpa santan"
25,Chicken Woku,Ayam,400,"Kentang, Nasi Merah, Nasi Putih","Tumis Sayur, Tofu","Ayam bumbu woku khas Manado, pedas dan wangi"
26,Beef Burger,Sapi,395,"","Salad Sayur, Snack","Burger patty sapi, disajikan tanpa roti, dengan salad"
27,Cah Sapi Buncis,Sapi,400,"Jagung, Nasi Merah, Nasi Putih","Sunny Egg, Snack","Tumis buncis dan daging sapi cincang, lauk telur"
28,Ayam Saus Mentega,Ayam,395,"Jagung, Nasi Merah, Nasi Putih","Steamed Vege, Snack","Ayam tumis saus mentega klasik, gurih"
29,Chicken Honey,Ayam,400,"Kentang, Nasi Merah, Nasi Putih","Cah Pakcoy Jamur, Tofu","Ayam panggang saus madu, rasa manis gurih"
30,Fish Stick Saus Korea,Ikan,395,"Jagung, Nasi Merah, Nasi Putih","Steamed Vege, Snack","Stik ikan renyah, saus korea gochujang, pedas manis"
31,Bola Daging Teriyaki,Sapi,400,"Kentang, Nasi Merah, Nasi Putih","Sayur Sop, Snack","Bola daging sapi, saus teriyaki, dengan sayur sop"
32,Chicken Crispy Saus Barbeque,Ayam,395,"Kentang, Ubi, Nasi Merah, Nasi Putih","Steamed Vege","Ayam renyah, saus barbeque buatan sendiri"
33,Ayam Maranggi,Ayam,400,"Kentang, Nasi Merah, Nasi Putih","Tumis Sayur, Tempe","Sate ayam maranggi tanpa tusuk, bumbu rempah"
34,Bola Ayam Saus Asam Pedas,Ayam,400,"Jagung, Nasi Merah, Nasi Putih","Steamed Vege, Snack","Bola ayam, saus asam pedas segar, tumis sayur"
35,Dori Katsu,Ikan,395,"Jagung, Nasi Merah, Nasi Putih","Tumis Sayur/Salad Sayur","Katsu ikan dori renyah, pilihan tumis atau salad"
36,Chicken Tomyum,Ayam,395,"Kentang, Nasi Merah, Nasi Putih","Steamed Vege, Tofu","Ayam kuah tomyum, rasa asam pedas, tanpa santan"
37,Dori Sambal Ijo,Ikan,400,"Kentang, Nasi Merah, Nasi Putih","Tumis Sayur, Tofu","Ikan dori, bumbu sambal ijo pedas nikmat"
38,Chicken Salted Egg,Ayam,400,"Jagung, Nasi Merah, Nasi Putih","Steamed Vege, Snack","Ayam saus telur asin, gurih, rendah minyak"
39,Soto Bandung,Sapi,390,"Kentang, Nasi Merah, Nasi Putih","Steamed Vege, Boiled Egg, Snack","Soto daging khas Bandung, kuah bening, lobak"
40,Cah Brokoli Ayam,Ayam,395,"Jagung, Nasi Merah, Nasi Putih","Sunny Egg, Tofu","Tumis brokoli segar, ayam cincang, lauk telur"
41,Ayam Saus Wijen,Ayam,395,"Jagung, Nasi Merah, Nasi Putih","Tumis Sayur, Snack","Ayam tumis, saus wijen sangrai, wangi dan gurih"
42,Beef Patty BBQ,Sapi,395,"Ubi, Kentang, Nasi Merah, Nasi Putih","Steamed Vege/Salad Sayur","Patty sapi panggang, saus barbeque, tanpa roti"
43,Ayam Balado,Ayam,385,"Jagung, Nasi Merah, Nasi Putih","Sayur Bayam, Tempe","Ayam bumbu balado, tumis sayur bayam, lauk tempe"
44,Dori Katsu & Pasta Aglio Eolio,Ikan,400,"","Steamed Vege","Katsu ikan dori, disajikan dengan pasta aglio eolio"
45,Chicken Ball Woku,Ayam,390,"Kentang, Nasi Merah, Nasi Putih","Tumis Sayur, Tofu","Bola ayam bumbu woku, pedas kemangi, tumis sayur"
46,Egg Tortila & Baked Chicken Honey,Ayam,397,"Jagung","Steamed Vege","Tortila telur, ayam panggang saus madu, jagung rebus"
47,Soto Betawi,Sapi,400,"Kentang, Nasi Merah, Nasi Putih","Pilihan: Sapi/Ayam, Steamed Vege, Boiled Egg","Soto betawi kuah bening, tanpa santan, kaya rempah"
48,Ayam Saus Mentega,Ayam,400,"Jagung, Nasi Merah, Nasi Putih","Steamed Vege, Tofu","Ayam tumis saus mentega, lauk tahu kukus"
49,Ayam Serundeng,Ayam,395,"Jagung, Nasi Merah, Nasi Putih","Tumis Sayur, Snack","Ayam tabur serundeng kelapa, gurih, tumis sayur"
50,Pangsit Ayam & Yamin/Yahun,Ayam,395,"","Pakcoy, Snack","Pangsit ayam rebus, mie yamin/yahun sehat"
51,Creamy Chicken Mushroom,Ayam,395,"Kentang, Nasi Merah, Nasi Putih","Tumis Sayur, Sunny Egg","Ayam jamur saus krim, rendah lemak, lauk telur"
52,Buncis Sapi Lada Hitam,Sapi,395,"Ubi, Jagung, Nasi Merah, Nasi Putih","Tofu, Snack","Tumis buncis dan sapi cincang, saus lada hitam"
53,Ayam Bakar,Ayam,390,"Jagung, Nasi Merah, Nasi Putih","Tumis Sayur, Tempe","Ayam bakar bumbu kecap, tumis sayur, lauk tempe"
54,Dori Salted Egg,Ikan,390,"Kentang, Ubi, Nasi Merah, Nasi Putih","Steamed Vege, Snack","Ikan dori saus telur asin, gurih, sayuran kukus"
55,Dori Sambal Ijo,Ikan,395,"Kentang, Nasi Merah, Nasi Putih","Clear Soup, Tofu","Ikan dori bumbu sambal ijo, disajikan sop, lauk tahu"
56,Chicken Patty Crispy,Ayam,390,"Jagung, Nasi Merah, Nasi Putih","Salad Sayur","Patty ayam renyah, disajikan dengan salad sayur"
57,Chicken Tomyum,Ayam,395,"Kentang, Nasi Merah, Nasi Putih","Steamed Vege, Boiled Egg","Ayam kuah tomyum, asam pedas segar, lauk telur rebus"
58,Chicken BBQ Grill,Ayam,390,"Jagung, Nasi Merah, Nasi Putih","Steamed Vege, Snack","Ayam panggang saus barbeque, sayuran kukus"
59,Dori Sambal Matah,Ikan,395,"Jagung, Nasi Merah, Nasi Putih","Tumis Sayur, Scramble Egg","Ikan dori, sambal matah segar, lauk telur orak-arik"
60,Longbun with Chicken Blackpepper,Ayam,400,"","Salad Sayur, Snack","Roti gandum, ayam lada hitam, disajikan dengan salad"
61,Soto Ayam Spesial,Ayam,395,"Bihun, Kentang, Nasi Merah, Nasi Putih","Sunny Egg, Kol, Tauge","Soto ayam kuah kuning, lauk lengkap, tanpa santan"
62,Bistik Sapi,Sapi,395,"Jagung, Nasi Merah, Nasi Putih","Steamed Vege, Snack","Bistik daging sapi empuk, saus gurih, sayur kukus"
63,Sapi Cabe Garam,Sapi,390,"Jagung, Nasi Merah, Nasi Putih","Tumis Sayur, Tempe","Daging sapi tumis cabe garam, pedas gurih, lauk tempe"
64,Bola Ayam Sambal Taichan,Ayam,395,"Kentang, Ubi, Nasi Merah, Nasi Putih","Steamed Vege, Snack","Bola ayam bakar, sambal taichan pedas asam"
65,Chicken Rolade,Ayam,395,"Kentang, Nasi Merah, Nasi Putih","Tumis Sayur, Snack","Rolade ayam kukus, disajikan tumis sayuran"
66,Dori Katsu Saus Asam Manis,Ikan,390,"Jagung, Nasi Merah, Nasi Putih","Sayur Sop, Tofu","Katsu ikan dori, saus asam manis, lauk sayur sop"
67,Baked Chicken Honey,Ayam,390,"Kentang, Nasi Merah, Nasi Putih","Tumis Sayur, Snack","Ayam panggang madu, bumbu meresap, tumis sayur"
68,Dori Stick,Ikan,400,"","Pasta Aglio E'olio, Steamed Vege, Snack","Stik ikan dori, pasta aglio eolio, sayuran kukus"
69,Rawon Surabaya (Sapi/Ayam),Lainnya,395,"Kentang, Nasi Merah, Nasi Putih","Boiled Egg, Tempe","Rawon kuah rempah, pilihan sapi atau ayam"
70,Chicken Ball Blackpepper,Ayam,395,"Jagung, Nasi Merah, Nasi Putih","Steamed Vege, Tofu","Bola ayam saus lada hitam, lauk tahu kukus"
71,Ayam Maranggi,Ayam,400,"Jagung, Nasi Merah, Nasi Putih","Tumis Sayur, Tempe","Ayam bumbu maranggi, tumis sayur, lauk tempe"
72,Beef Patty Kastu,Sapi,395,"Kentang, Ubi, Nasi Merah, Nasi Putih","Steamed Vege, Sauce","Patty sapi panggang, saus kastu, sayuran kukus"
73,Dori Cabai Garam,Ikan,395,"Jagung, Nasi Merah, Nasi Putih","Tumis Sayur, Snack","Ikan dori tumis cabai garam, pedas gurih"
74,Chicken Grill Sambal Matah,Ayam,390,"Kentang, Ubi, Nasi Merah, Nasi Putih","Steamed Vege, Snack","Ayam panggang, sambal matah segar, sayur kukus"
75,Ayam Suwir Teriyaki,Ayam,400,"Kentang, Nasi Merah, Nasi Putih","Tumis Sayur, Snack","Ayam suwir saus teriyaki, tumis sayuran"
76,Scotch Egg,Lainnya,395,"Jagung","Salad Sayur","Telur rebus dibalut daging, disajikan dengan salad"
77,Ayam Bumbu Kari,Ayam,400,"Kentang, Nasi Merah, Nasi Putih","Tumis Sayur, Scramble Egg","Ayam bumbu kari, tanpa santan, lauk telur orak-arik"
78,Beef & Tofu Teriyaki,Sapi,400,"Jagung, Nasi Merah, Nasi Putih","Steamed Vege","Daging sapi dan tahu, saus teriyaki, sayur kukus"
79,Dori Oat Saus Asam Manis,Ikan,395,"Jagung, Nasi Merah, Nasi Putih","Tumis Sayur, Snack","Ikan dori balut oat, saus asam manis, tumis sayur"
80,Ayam Bakar Padang,Ayam,395,"Kentang, Ubi, Nasi Merah, Nasi Putih","Steamed Vege, Tempe","Ayam bakar bumbu padang, tanpa santan, lauk tempe"
81,Ayam Maranggi,Ayam,400,"Kentang, Nasi Merah, Nasi Putih","Tumis Sayur, Sunny Egg","Ayam bumbu maranggi, tumis sayur, lauk telur"
82,Bola Daging Saus Lada Hitam,Sapi,395,"Jagung, Nasi Merah, Nasi Putih","Salad Sayur","Bola daging sapi, saus lada hitam, disajikan salad"
83,Ayam Balado,Ayam,390,"Jagung, Nasi Merah, Nasi Putih","Sayur Bayam (+Wortel & Labu Siam), Snack","Ayam bumbu balado, tumis sayur bayam, wortel, labu"
84,Fish Stick Saus Wijen,Ikan,395,"Ubi, Kentang, Nasi Merah, Nasi Putih","Steamed Vege, Puding Buah","Stik ikan saus wijen, sayur kukus, hidangan penutup"
85,Soto Bandung,Sapi,390,"Kentang, Nasi Merah, Nasi Putih","Steamed Vege, Boiled Egg, Snack","Soto daging kuah bening, lobak, lauk telur rebus"
86,Chicken Katsu,Ayam,390,"Jagung, Ubi, Nasi Merah, Nasi Putih","Salad Sayur","Katsu ayam panggang, rendah minyak, disajikan salad"
87,Ayam Serundeng,Ayam,400,"Jagung, Nasi Merah, Nasi Putih","Tumis Sayur, Tahu/Tempe","Ayam tabur serundeng, tumis sayur, lauk tahu/tempe"
88,Chicken Teriyaki Grill,Ayam,400,"Kentang, Nasi Merah, Nasi Putih","Steamed Vege, Scramble Egg","Ayam panggang teriyaki, lauk telur orak-arik"
89,Ikan Acar Kuning,Ikan,395,"Kentang, Nasi Merah, Nasi Putih","Perkedel Tahu, Snack","Ikan bumbu acar kuning, segar, lauk perkedel tahu"
90,Ayam Bakar (Bacem),Ayam,395,"Jagung, Ubi, Nasi Merah, Nasi Putih","Steamed Vege, Tempe Bacem","Ayam bakar bumbu bacem, manis gurih, lauk tempe"
91,Ayam Cabe Ijo,Ayam,400,"Jagung, Nasi Merah, Nasi Putih","Sayur Bayam, Snack/Sunny Egg","Ayam bumbu cabe ijo, tumis bayam, lauk telur"
92,Beef Bulgogi,Sapi,395,"Kentang, Nasi Merah, Nasi Putih","Steamed Vege, Tofu","Daging sapi bumbu bulgogi Korea, lauk tahu"
93,Ayam Sambel Geprek,Ayam,395,"Kentang, Nasi Merah, Nasi Putih","Sayur Sop, Snack","Ayam geprek, sambal pedas, disajikan sayur sop"
94,Pasta Aglio Eolio & Dori Stick,Ikan,395,"","Steamed Vege, Puding Buah","Pasta aglio eolio, stik dori, hidangan penutup"
95,Bistik Bola Sapi,Sapi,395,"Kentang, Nasi Merah, Nasi Putih","Tumis Sayur, Tofu","Bola daging bistik, saus gurih, tumis sayur, tahu"
96,Scotch Egg,Lainnya,390,"Jagung, Ubi, Nasi Merah, Nasi Putih","Salad Sayur","Telur balut daging, disajikan dengan salad sayur"
97,Beef Yakiniku,Sapi,400,"Kentang, Nasi Merah, Nasi Putih","Tumis Sayur, Tofu, Snack","Daging sapi yakiniku, tumis sayur, lauk tahu"
98,Cah Ayam Buncis,Ayam,395,"Jagung, Nasi Merah, Nasi Putih","Sunny Egg, Snack","Tumis buncis ayam cincang, lauk telur mata sapi"
99,Fish Katsu Saus Manis Pedas,Ikan,400,"Jagung, Nasi Merah, Nasi Putih","Tumis Sayur, Snack","Katsu ikan saus manis pedas, tumis sayuran"
100,Tumis Ayam Paprika,Ayam,400,"Kentang, Nasi Merah, Nasi Putih","Steamed Vege, Tofu","Ayam tumis paprika, lauk tahu kukus, sayur kukus"
101,Rendang Ayam,Ayam,400,"Kentang, Nasi Merah, Nasi Putih","Tumis Sayur, Tempe","Rendang ayam tanpa santan, tumis sayur, lauk tempe"
102,Brokoli Sapi Lada Hitam,Sapi,400,"Jagung, Ubi, Nasi Merah, Nasi Putih","Steamed Vege, Snack","Tumis brokoli sapi lada hitam, sayuran kukus"
103,Opor Ayam (Tanpa Santan),Ayam,400,"Kentang, Nasi Merah, Nasi Putih","Steamed Vege, Boiled Egg","Opor ayam kuah bening, tanpa santan, lauk telur"
104,Baked Chicken Honey,Ayam,395,"Jagung, Ubi, Nasi Merah, Nasi Putih","Steamed Vege, Tofu","Ayam panggang madu, sayur kukus, lauk tahu"
105,Ikan Woku,Ikan,400,"Kentang, Nasi Merah, Nasi Putih","Sayur Bayam, Scramble Egg","Ikan bumbu woku pedas kemangi, lauk telur orak-arik"
106,Kebab Ayam,Ayam,395,"Jagung, Ubi, Nasi Merah, Nasi Putih","Salad Sayur","Daging kebab ayam, disajikan dengan salad sayur"
107,Chicken Blackpepper,Ayam,400,"Jagung, Nasi Merah, Nasi Putih","Tepanyaki, Scramble Egg","Ayam lada hitam, sayur tepanyaki, telur orak-arik"
108,Cah Buncis Sapi Cincang,Sapi,395,"Kentang, Nasi Merah, Nasi Putih","Tofu","Tumis buncis sapi cincang, lauk tahu"
109,Sapi Cabe Garam,Sapi,400,"Kentang, Nasi Merah, Nasi Putih","Tumis Sayur, Snack","Daging sapi tumis cabe garam, pedas gurih, tumis sayur"
110,Mie Ayam Sehat Spesial,Ayam,395,"","Steamed Vege, Tofu","Mie ayam sehat, sayuran kukus, lauk tahu"
111,Chicken Rolade,Ayam,395,"Jagung, Nasi Merah, Nasi Putih","Clear Soup","Rolade ayam kukus, disajikan dengan sop bening"
112,Dori Sambal Matah,Ikan,390,"Kentang, Ubi, Nasi Merah, Nasi Putih","Steamed Vege","Ikan dori, sambal matah segar, sayuran kukus"
113,Gulai Ikan,Ikan,400,"Kentang, Nasi Merah, Nasi Putih","Steamed Vege, Tempe","Gulai ikan tanpa santan, sayur kukus, lauk tempe"
114,Chicken Ball Crispy,Ayam,395,"Jagung, Ubi, Nasi Merah, Nasi Putih","Salad Sayur","Bola ayam renyah, disajikan dengan salad sayur"
115,Soto Bandung,Sapi,395,"Kentang, Nasi Merah, Nasi Putih","Steamed Vege, Boiled Egg","Soto daging kuah bening, lobak, lauk telur rebus"
116,Sempol Ayam Grill,Ayam,390,"Jagung, Ubi, Nasi Merah, Nasi Putih","Steamed Vege","Sempol ayam panggang, rendah minyak, sayur kukus"
117,Sapi Cabe Garam,Sapi,400,"Kentang, Nasi Merah, Nasi Putih","Tumis Sayur, Tofu","Daging sapi tumis cabe garam, lauk tahu, tumis sayur"
118,Tumis Ayam Brokoli,Ayam,390,"Jagung, Nasi Merah, Nasi Putih","Snack","Tumis ayam dan brokoli, menu sehat klasik"
119,Soto Ayam Kuning,Ayam,400,"Kentang, Nasi Merah, Nasi Putih","Steamed Vege, Boiled Egg","Soto ayam bumbu kuning, tanpa santan, lauk telur"
120,Dori Oat Saus Wijen,Ikan,400,"Jagung, Ubi, Nasi Merah, Nasi Putih","Steamed Vege, Snack","Ikan dori balut oat, saus wijen gurih, sayur kukus"
121,Ikan Cabe Ijo,Ikan,400,"Jagung, Nasi Merah, Nasi Putih","Tumis Sayur, Tofu","Ikan bumbu cabe ijo, tumis sayur, lauk tahu"
122,Ayam Bakar Padang,Ayam,400,"Kentang, Ubi, Nasi Merah, Nasi Putih","Steamed Vege, Tempe","Ayam bakar bumbu padang, tanpa santan, lauk tempe"
123,Rawon Surabaya,Sapi,400,"Kentang, Nasi Merah, Nasi Putih","Steamed Vege, Boiled Egg","Daging rawon kuah rempah, sayur kukus, lauk telur"
124,Chicken Ball Crispy,Ayam,395,"Jagung, Ubi, Nasi Merah, Nasi Putih","Salad Sayur","Bola ayam renyah, disajikan dengan salad segar"
125,Chicken Teriyaki Grill,Ayam,400,"Kentang, Nasi Merah, Nasi Putih","Tumis Sayur, Snack","Ayam panggang teriyaki, tumis sayuran"
126,Pangsit Ayam Kuah,Ayam,395,"Kentang, Nasi Merah, Nasi Putih","Baso Ayam, Steamed Vege","Pangsit ayam rebus, kuah kaldu, bakso ayam"
127,Soto Betawi (Tanpa Santan),Sapi,400,"Kentang, Nasi Merah, Nasi Putih","Steamed Vege, Boiled Egg","Soto betawi kuah bening, tanpa santan, lauk telur"
128,Ayam Serundeng & Sambal Korek,Ayam,400,"Jagung, Nasi Merah, Nasi Putih","Tumis Sayur, Tempe","Ayam serundeng, sambal korek pedas, lauk tempe"
129,Dori Chips Saus Asam Manis,Ikan,400,"Kentang, Nasi Merah, Nasi Putih","Tumis Sayur, Tofu","Keping dori renyah, saus asam manis, tumis sayur"
130,Chicken Blackpepper & Egg Tortila,Ayam,395,"Jagung, Ubi, Nasi Merah, Nasi Putih","Salad Sayur","Ayam lada hitam, disajikan dengan tortila telur"
131,Beef Bulgogi,Sapi,400,"Jagung, Nasi Merah, Nasi Putih","Tepanyaki, Tofu","Daging sapi bulgogi, sayur tepanyaki, lauk tahu"
132,Chicken Karage Saus Korea,Ayam,395,"Kentang, Ubi, Nasi Merah, Nasi Putih","Steamed Vege, Snack","Karage ayam (panggang), saus korea pedas manis"
133,Chicken Sandwich,Ayam,395,"Jagung, Nasi Merah, Nasi Putih","Salad Sayur, Sunny Egg","Sandwich ayam (tanpa roti), salad, lauk telur"
134,Sei Ayam with Brown Rice Spesial,Ayam,427,"Kentang, Nasi Merah, Nasi Putih","Steamed Vege, Tofu","Menu Sei Ayam with Brown Rice Spesial yang sehat dan lezat."
135,Chicken Potatoes Bowl,Ayam,380,"Kentang, Ubi, Nasi Merah, Nasi Putih","Steamed Vege, Sunny Egg","Menu Chicken Potatoes Bowl yang sehat dan lezat."
136,Sei Sapi Box,Sapi,355,"Jagung, Nasi Merah, Kentang","Salad Sayur","Menu Sei Sapi Box yang sehat dan lezat."
137,Grilled Chicken with Lemonilo Healthy,Ayam,449,"Jagung, Nasi Merah, Kentang","Steamed Vege, Tofu","Menu Grilled Chicken with Lemonilo Healthy yang sehat dan lezat."
138,with/Brown|Rice (with\Potate| Wedges Healthy,Lainnya,419,"Jagung, Nasi Merah, Kentang","Steamed Vege, Sunny Egg","Menu with/Brown|Rice (with\Potate| Wedges Healthy yang sehat dan lezat."
139,Grilled Chicken 400 Keal Premium,Ayam,356,"Kentang, Nasi Merah, Nasi Putih","Salad Sayur","Menu Grilled Chicken 400 Keal Premium yang sehat dan lezat."
140,with Brown Rice Box,Lainnya,369,"Jagung, Nasi Merah, Kentang","Steamed Vege, Snack","Menu with Brown Rice Box yang sehat dan lezat."
141,Japanese Beef Gyudon with Brown Rice Bowl,Sapi,355,"Jagung, Nasi Merah, Nasi Putih","Steamed Vege, Tofu","Menu Japanese Beef Gyudon with Brown Rice Bowl yang sehat dan lezat."
142,AYAM BAKAR Bowl,Ayam,430,"Kentang, Ubi, Nasi Merah, Nasi Putih","Salad Sayur","Menu AYAM BAKAR Bowl yang sehat dan lezat."
143,Sei Ayam with Lemonilo Premium,Ayam,418,"Jagung, Nasi Merah, Kentang","Steamed Vege, Snack","Menu Sei Ayam with Lemonilo Premium yang sehat dan lezat."
144,Soto Ayam Spesial Spesial,Ayam,360,"Kentang, Ubi, Nasi Merah, Nasi Putih","Steamed Vege, Tofu","Menu Soto Ayam Spesial Spesial yang sehat dan lezat."
145,Rawon Surabaya (Sapi/Ayam) Premium,Lainnya,417,"Jagung, Nasi Merah, Nasi Putih","Tumis Sayur, Tofu","Menu Rawon Surabaya (Sapi/Ayam) Premium yang sehat dan lezat."
146,Dori Oat Saus Wijen Premium,Ikan,423,"Kentang, Ubi, Nasi Merah, Nasi Putih","Tumis Sayur, Tofu","Menu Dori Oat Saus Wijen Premium yang sehat dan lezat."
147,Konsumsi Dada Ayam Healthy,Ayam,436,"Jagung, Nasi Merah, Kentang","Tumis Sayur, Snack","Menu Konsumsi Dada Ayam Healthy yang sehat dan lezat."
148,Sapi Cabe Garam Spesial,Sapi,433,"Kentang, Nasi Merah, Nasi Putih","Salad Sayur","Menu Sapi Cabe Garam Spesial yang sehat dan lezat."
149,Brown Rice ce Apple Tea Saldo Gopay Diet,Lainnya,429,"Kentang, Ubi, Nasi Merah, Nasi Putih","Tumis Sayur, Tofu","Menu Brown Rice ce Apple Tea Saldo Gopay Diet yang sehat dan lezat."
150,Chicken Tomyum Box,Ayam,370,"Jagung, Nasi Merah, Nasi Putih","Tumis Sayur, Snack","Menu Chicken Tomyum Box yang sehat dan lezat."
151,Ayam Saus Mentega Diet,Ayam,434,"Kentang, Nasi Merah, Nasi Putih","Steamed Vege, Sunny Egg","Menu Ayam Saus Mentega Diet yang sehat dan lezat."
152,Dori Chips Saus Asam Manis Lengkap,Ikan,398,"Jagung, Nasi Merah, Nasi Putih","Tumis Sayur, Tofu","Menu Dori Chips Saus Asam Manis Lengkap yang sehat dan lezat."
153,Dori Salted Egg Bowl,Ikan,447,"Kentang, Ubi, Nasi Merah, Nasi Putih","Steamed Vege, Sunny Egg","Menu Dori Salted Egg Bowl yang sehat dan lezat."
154,RECHARGE WITH SE'l SAPI Lengkap,Sapi,427,"Kentang, Ubi, Nasi Merah, Nasi Putih","Steamed Vege, Snack","Menu RECHARGE WITH SE'l SAPI Lengkap yang sehat dan lezat."
155,Dori Katsu Saus Asam Manis Premium,Ikan,439,"Jagung, Nasi Merah, Nasi Putih","Steamed Vege, Tofu","Menu Dori Katsu Saus Asam Manis Premium yang sehat dan lezat."
156,Ayam Maranggi Bowl,Ayam,405,"Kentang, Ubi, Nasi Merah, Nasi Putih","Salad Sayur","Menu Ayam Maranggi Bowl yang sehat dan lezat."
157,Daging Ayam Bowl,Ayam,395,"Kentang, Ubi, Nasi Merah, Nasi Putih","Steamed Vege, Tofu","Menu Daging Ayam Bowl yang sehat dan lezat."
158,Sei Sapi with Potatoes Diet,Sapi,419,"Jagung, Nasi Merah, Nasi Putih","Steamed Vege, Snack","Menu Sei Sapi with Potatoes Diet yang sehat dan lezat."
159,Soto Ayam Kuning Box,Ayam,418,"Jagung, Nasi Merah, Nasi Putih","Tumis Sayur, Tofu","Menu Soto Ayam Kuning Box yang sehat dan lezat."
160,Soto Bandung Lengkap,Sapi,355,"Jagung, Nasi Merah, Nasi Putih","Steamed Vege, Sunny Egg","Menu Soto Bandung Lengkap yang sehat dan lezat."
161,Pasta Aglio Eolio & Dori Stick Diet,Ikan,395,"Kentang, Ubi, Nasi Merah, Nasi Putih","Tumis Sayur, Tofu","Menu Pasta Aglio Eolio & Dori Stick Diet yang sehat dan lezat."
162,Opor Ayam (Tanpa Santan) Lengkap,Ayam,360,"Kentang, Nasi Merah, Nasi Putih","Tumis Sayur, Tofu","Menu Opor Ayam (Tanpa Santan) Lengkap yang sehat dan lezat."
163,Chicken Blackpepper Bowl,Ayam,379,"Kentang, Ubi, Nasi Merah, Nasi Putih","Salad Sayur","Menu Chicken Blackpepper Bowl yang sehat dan lezat."
164,Sapi Cabe Garam Box,Sapi,373,"Kentang, Ubi, Nasi Merah, Nasi Putih","Steamed Vege, Snack","Menu Sapi Cabe Garam Box yang sehat dan lezat."
165,CHICKEN STEAK Diet,Ayam,360,"Kentang, Ubi, Nasi Merah, Nasi Putih","Salad Sayur","Menu CHICKEN STEAK Diet yang sehat dan lezat."
166,Pangsit Ayam Kuah Premium,Ayam,362,"Kentang, Nasi Merah, Nasi Putih","Salad Sayur","Menu Pangsit Ayam Kuah Premium yang sehat dan lezat."
167,Fish Stick Saus Korea Spesial,Ikan,392,"Kentang, Ubi, Nasi Merah, Nasi Putih","Steamed Vege, Sunny Egg","Menu Fish Stick Saus Korea Spesial yang sehat dan lezat."
168,Ayam Bakar (Bacem) Lengkap,Ayam,398,"Kentang, Nasi Merah, Nasi Putih","Steamed Vege, Snack","Menu Ayam Bakar (Bacem) Lengkap yang sehat dan lezat."
169,Chicken Teriyaki Grill Lengkap,Ayam,379,"Jagung, Nasi Merah, Kentang","Salad Sayur","Menu Chicken Teriyaki Grill Lengkap yang sehat dan lezat."
170,Grilled Chicken with Lettuce, Tomato, Kyuri Healthy,Ayam,427,"Kentang, Ubi, Nasi Merah, Nasi Putih","Salad Sayur","Menu Grilled Chicken with Lettuce, Tomato, Kyuri Healthy yang sehat dan lezat."
171,Ayam Sambel Geprek Bowl,Ayam,371,"Kentang, Ubi, Nasi Merah, Nasi Putih","Steamed Vege, Tofu","Menu Ayam Sambel Geprek Bowl yang sehat dan lezat."
172,Dori Stick Premium,Ikan,369,"Jagung, Nasi Merah, Nasi Putih","Tumis Sayur, Tofu","Menu Dori Stick Premium yang sehat dan lezat."
173,Daging ayam (85 gram) memiliki 102 kalori, 2 gram lemak, dan 19 gram protein. Premium,Ayam,351,"Kentang, Nasi Merah, Nasi Putih","Steamed Vege, Sunny Egg","Menu Daging ayam (85 gram) memiliki 102 kalori, 2 gram lemak, dan 19 gram protein. Premium yang sehat dan lezat."
174,Soto Betawi (Tanpa Santan) Premium,Sapi,359,"Kentang, Ubi, Nasi Merah, Nasi Putih","Steamed Vege, Sunny Egg","Menu Soto Betawi (Tanpa Santan) Premium yang sehat dan lezat."
175,Chicken Blackpepper & Egg Tortila Lengkap,Ayam,390,"Kentang, Ubi, Nasi Merah, Nasi Putih","Steamed Vege, Sunny Egg","Menu Chicken Blackpepper & Egg Tortila Lengkap yang sehat dan lezat."
176,Dori Sambal Matah Healthy,Ikan,355,"Jagung, Nasi Merah, Nasi Putih","Tumis Sayur, Tofu","Menu Dori Sambal Matah Healthy yang sehat dan lezat."
177,Ayam Serundeng & Sambal Korek Lengkap,Ayam,418,"Kentang, Ubi, Nasi Merah, Nasi Putih","Tumis Sayur, Tofu","Menu Ayam Serundeng & Sambal Korek Lengkap yang sehat dan lezat."
178,Dori Katsu Balado Spesial,Ikan,423,"Jagung, Nasi Merah, Nasi Putih","Salad Sayur","Menu Dori Katsu Balado Spesial yang sehat dan lezat."
179,Rawon Surabaya Lengkap,Sapi,423,"Kentang, Nasi Merah, Nasi Putih","Steamed Vege, Snack","Menu Rawon Surabaya Lengkap yang sehat dan lezat."
180,Chicken Blackpepper Healthy,Ayam,391,"Jagung, Nasi Merah, Nasi Putih","Steamed Vege, Sunny Egg","Menu Chicken Blackpepper Healthy yang sehat dan lezat."
181,Chicken Ball Crispy Diet,Ayam,449,"Jagung, Nasi Merah, Kentang","Tumis Sayur, Tofu","Menu Chicken Ball Crispy Diet yang sehat dan lezat."
182,Sei Ayam with Potatoes Premium,Ayam,379,"Kentang, Nasi Merah, Nasi Putih","Steamed Vege, Sunny Egg","Menu Sei Ayam with Potatoes Premium yang sehat dan lezat."
183,Pangsit Ayam & Yamin/Yahun Healthy,Ayam,430,"Kentang, Nasi Merah, Nasi Putih","Steamed Vege, Sunny Egg","Menu Pangsit Ayam & Yamin/Yahun Healthy yang sehat dan lezat."
184,Sei Sapi with Lemonilo Premium,Sapi,395,"Kentang, Ubi, Nasi Merah, Nasi Putih","Tumis Sayur, Tofu","Menu Sei Sapi with Lemonilo Premium yang sehat dan lezat."
185,GRILLED CHICKEN SEI SAPI AYAM PENYET Diet,Ayam,359,"Kentang, Ubi, Nasi Merah, Nasi Putih","Steamed Vege, Sunny Egg","Menu GRILLED CHICKEN SEI SAPI AYAM PENYET Diet yang sehat dan lezat."
186,Chicken BBQ Grill Diet,Ayam,407,"Jagung, Nasi Merah, Nasi Putih","Salad Sayur","Menu Chicken BBQ Grill Diet yang sehat dan lezat."
187,Sei Sapi Diet,Sapi,355,"Jagung, Nasi Merah, Nasi Putih","Steamed Vege, Sunny Egg","Menu Sei Sapi Diet yang sehat dan lezat."
188,Sei Ayam with Brown Rice & Sei Box,Sapi,436,"Jagung, Nasi Merah, Nasi Putih","Tumis Sayur, Tofu","Menu Sei Ayam with Brown Rice & Sei Box yang sehat dan lezat."
189,Dietgo Fried Chicken Bowl,Ayam,351,"Jagung, Nasi Merah, Nasi Putih","Tumis Sayur, Snack","Menu Dietgo Fried Chicken Bowl yang sehat dan lezat."
190,Beef Yakiniku Spesial,Sapi,413,"Jagung, Nasi Merah, Kentang","Steamed Vege, Tofu","Menu Beef Yakiniku Spesial yang sehat dan lezat."
191,Chicken Sandwich Box,Ayam,418,"Kentang, Ubi, Nasi Merah, Nasi Putih","Steamed Vege, Sunny Egg","Menu Chicken Sandwich Box yang sehat dan lezat."
192,Dori Popcorn Premium,Ikan,436,"Kentang, Ubi, Nasi Merah, Nasi Putih","Tumis Sayur, Snack","Menu Dori Popcorn Premium yang sehat dan lezat."
193,Dori Sambal Matah Diet,Ikan,395,"Jagung, Nasi Merah, Nasi Putih","Steamed Vege, Snack","Menu Dori Sambal Matah Diet yang sehat dan lezat."
194,Chicken Crispy Saus Barbeque Lengkap,Ayam,427,"Kentang, Nasi Merah, Nasi Putih","Tumis Sayur, Tofu","Menu Chicken Crispy Saus Barbeque Lengkap yang sehat dan lezat."
195,Chicken Patty Crispy Bowl,Ayam,379,"Jagung, Nasi Merah, Nasi Putih","Steamed Vege, Snack","Menu Chicken Patty Crispy Bowl yang sehat dan lezat."
196,Chicken Ball Crispy Lengkap,Ayam,373,"Kentang, Ubi, Nasi Merah, Nasi Putih","Steamed Vege, Sunny Egg","Menu Chicken Ball Crispy Lengkap yang sehat dan lezat."
197,Gulai Ikan Healthy,Ikan,356,"Jagung, Nasi Merah, Nasi Putih","Steamed Vege, Snack","Menu Gulai Ikan Healthy yang sehat dan lezat."
198,Bola Daging Teriyaki Box,Sapi,434,"Kentang, Ubi, Nasi Merah, Nasi Putih","Steamed Vege, Tofu","Menu Bola Daging Teriyaki Box yang sehat dan lezat."
199,Bola Daging Saus Lada Hitam Diet,Sapi,434,"Jagung, Nasi Merah, Nasi Putih","Steamed Vege, Sunny Egg","Menu Bola Daging Saus Lada Hitam Diet yang sehat dan lezat."
200,Japanese Beef Gyudon with Lemonilo Premium,Sapi,423,"Kentang, Nasi Merah, Nasi Putih","Steamed Vege, Sunny Egg","Menu Japanese Beef Gyudon with Lemonilo Premium yang sehat dan lezat."
201,Fish Stick Saus Wijen Premium,Ikan,369,"Jagung, Nasi Merah, Nasi Putih","Steamed Vege, Tofu","Menu Fish Stick Saus Wijen Premium yang sehat dan lezat."
202,Beef Burger Diet,Sapi,410,"Kentang, Ubi, Nasi Merah, Nasi Putih","Tumis Sayur, Tofu","Menu Beef Burger Diet yang sehat dan lezat."
203,Chicken Ball Blackpepper Box,Ayam,425,"Jagung, Nasi Merah, Nasi Putih","Salad Sayur","Menu Chicken Ball Blackpepper Box yang sehat dan lezat."
204,Japanese Beef Gyudon with Brown Rice Spesial,Sapi,428,"Jagung, Nasi Merah, Nasi Putih","Steamed Vege, Tofu","Menu Japanese Beef Gyudon with Brown Rice Spesial yang sehat dan lezat."
205,Chicken Teriyaki Grill Healthy,Ayam,437,"Kentang, Ubi, Nasi Merah, Nasi Putih","Salad Sayur","Menu Chicken Teriyaki Grill Healthy yang sehat dan lezat."
206,Rawon Surabaya Lengkap,Sapi,447,"Kentang, Nasi Merah, Nasi Putih","Tumis Sayur, Tofu","Menu Rawon Surabaya Lengkap yang sehat dan lezat."
207,Dori Oat Saus Asam Manis Diet,Ikan,423,"Jagung, Nasi Merah, Nasi Putih","Steamed Vege, Snack","Menu Dori Oat Saus Asam Manis Diet yang sehat dan lezat."
208,Chicken Katsu Premium,Ayam,447,"Kentang, Nasi Merah, Nasi Putih","Tumis Sayur, Tofu","Menu Chicken Katsu Premium yang sehat dan lezat."
209,Soto Bandung Healthy,Sapi,355,"Jagung, Nasi Merah, Nasi Putih","Tumis Sayur, Tofu","Menu Soto Bandung Healthy yang sehat dan lezat."
210,Bola Ayam Saus Asam Pedas Box,Ayam,434,"Jagung, Nasi Merah, Nasi Putih","Salad Sayur","Menu Bola Ayam Saus Asam Pedas Box yang sehat dan lezat."
211,Dori Katsu Balado Premium,Ikan,447,"Kentang, Ubi, Nasi Merah, Nasi Putih","Salad Sayur","Menu Dori Katsu Balado Premium yang sehat dan lezat."
212,Sapi Cabe Garam Lengkap,Sapi,447,"Kentang, Nasi Merah, Nasi Putih","Tumis Sayur, Snack","Menu Sapi Cabe Garam Lengkap yang sehat dan lezat."
213,Soto Ayam Spesial Diet,Ayam,430,"Kentang, Nasi Merah, Nasi Putih","Tumis Sayur, Snack","Menu Soto Ayam Spesial Diet yang sehat dan lezat."
214,Chicken Rolade Healthy,Ayam,449,"Jagung, Nasi Merah, Nasi Putih","Steamed Vege, Snack","Menu Chicken Rolade Healthy yang sehat dan lezat."
215,Chicken Karage Saus Korea Lengkap,Ayam,379,"Kentang, Nasi Merah, Nasi Putih","Steamed Vege, Snack","Menu Chicken Karage Saus Korea Lengkap yang sehat dan lezat."
216,Dori Sambal Matah Healthy,Ikan,392,"Kentang, Ubi, Nasi Merah, Nasi Putih","Steamed Vege, Tofu","Menu Dori Sambal Matah Healthy yang sehat dan lezat."
217,Ayam with Brown Rice Lengkap,Ayam,437,"Jagung, Nasi Merah, Nasi Putih","Steamed Vege, Tofu","Menu Ayam with Brown Rice Lengkap yang sehat dan lezat."
218,Chicken Woku Bowl,Ayam,395,"Kentang, Ubi, Nasi Merah, Nasi Putih","Salad Sayur","Menu Chicken Woku Bowl yang sehat dan lezat."
219,Ayam Saus Mentega Box,Ayam,351,"Kentang, Nasi Merah, Nasi Putih","Steamed Vege, Tofu","Menu Ayam Saus Mentega Box yang sehat dan lezat."
220,Bola Ayam Crispy Healthy,Ayam,418,"Kentang, Ubi, Nasi Merah, Nasi Putih","Salad Sayur","Menu Bola Ayam Crispy Healthy yang sehat dan lezat."
221,Dori Cabe Garam Bowl,Ikan,436,"Jagung, Nasi Merah, Nasi Putih","Salad Sayur","Menu Dori Cabe Garam Bowl yang sehat dan lezat."
222,Ayam Maranggi Spesial,Ayam,427,"Kentang, Nasi Merah, Nasi Putih","Steamed Vege, Snack","Menu Ayam Maranggi Spesial yang sehat dan lezat."
223,Healthy Fried Chicken Diet,Ayam,355,"Jagung, Nasi Merah, Nasi Putih","Steamed Vege, Sunny Egg","Menu Healthy Fried Chicken Diet yang sehat dan lezat."
224,Sapi Cabe Garam Bowl,Sapi,430,"Jagung, Nasi Merah, Nasi Putih","Salad Sayur","Menu Sapi Cabe Garam Bowl yang sehat dan lezat."
225,Sapi Cabe Garam Lengkap,Sapi,434,"Jagung, Nasi Merah, Nasi Putih","Salad Sayur","Menu Sapi Cabe Garam Lengkap yang sehat dan lezat."
226,Dori Katsu Lengkap,Ikan,373,"Kentang, Nasi Merah, Nasi Putih","Tumis Sayur, Tofu","Menu Dori Katsu Lengkap yang sehat dan lezat."
227,Ayam Saus Wijen Premium,Ayam,360,"Jagung, Nasi Merah, Nasi Putih","Steamed Vege, Sunny Egg","Menu Ayam Saus Wijen Premium yang sehat dan lezat."
228,Ayam Cabe Ijo Lengkap,Ayam,369,"Jagung, Nasi Merah, Nasi Putih","Steamed Vege, Tofu","Menu Ayam Cabe Ijo Lengkap yang sehat dan lezat."
229,Beef & Tofu Teriyaki Bowl,Sapi,436,"Jagung, Nasi Merah, Nasi Putih","Steamed Vege, Sunny Egg","Menu Beef & Tofu Teriyaki Bowl yang sehat dan lezat."
230,Dori Sambal Ijo Box,Ikan,368,"Jagung, Nasi Merah, Nasi Putih","Steamed Vege, Tofu","Menu Dori Sambal Ijo Box yang sehat dan lezat."
231,Chicken Grill Sambal Matah Healthy,Ayam,379,"Jagung, Nasi Merah, Nasi Putih","Steamed Vege, Sunny Egg","Menu Chicken Grill Sambal Matah Healthy yang sehat dan lezat."
232,with Brown Rice Healthy,Lainnya,369,"Jagung, Nasi Merah, Nasi Putih","Steamed Vege, Sunny Egg","Menu with Brown Rice Healthy yang sehat dan lezat."
233,Tumis Ayam Paprika Box,Ayam,434,"Kentang, Nasi Merah, Nasi Putih","Steamed Vege, Snack","Menu Tumis Ayam Paprika Box yang sehat dan lezat."
234,Baked Chicken Honey Premium,Ayam,418,"Kentang, Nasi Merah, Nasi Putih","Steamed Vege, Tofu","Menu Baked Chicken Honey Premium yang sehat dan lezat."
235,Sei Sapi with Brown Rice Spesial,Sapi,395,"Kentang, Nasi Merah, Nasi Putih","Steamed Vege, Tofu","Menu Sei Sapi with Brown Rice Spesial yang sehat dan lezat."
236,Chicken Ball Crispy Box,Ayam,413,"Jagung, Nasi Merah, Nasi Putih","Salad Sayur","Menu Chicken Ball Crispy Box yang sehat dan lezat."
237,Beef Yakiniku Box,Sapi,355,"Kentang, Ubi, Nasi Merah, Nasi Putih","Tumis Sayur, Tofu","Menu Beef Yakiniku Box yang sehat dan lezat."
238,Chicken Honey Healthy,Ayam,364,"Kentang, Nasi Merah, Nasi Putih","Salad Sayur","Menu Chicken Honey Healthy yang sehat dan lezat."
239,Sempol Ayam Grill Bowl,Ayam,360,"Jagung, Nasi Merah, Nasi Putih","Steamed Vege, Snack","Menu Sempol Ayam Grill Bowl yang sehat dan lezat."
240,Beef Bulgogi Healthy,Sapi,430,"Kentang, Ubi, Nasi Merah, Nasi Putih","Steamed Vege, Snack","Menu Beef Bulgogi Healthy yang sehat dan lezat."
241,Chicken Herbs Grill & Egg Tortila Bowl,Ayam,449,"Jagung, Nasi Merah, Nasi Putih","Steamed Vege, Sunny Egg","Menu Chicken Herbs Grill & Egg Tortila Bowl yang sehat dan lezat."
242,Beef & Tofu Teriyaki Lengkap,Sapi,437,"Jagung, Nasi Merah, Nasi Putih","Steamed Vege, Snack","Menu Beef & Tofu Teriyaki Lengkap yang sehat dan lezat."
243,Chicken Ball Woku Lengkap,Ayam,364,"Kentang, Nasi Merah, Nasi Putih","Salad Sayur","Menu Chicken Ball Woku Lengkap yang sehat dan lezat."
244,Chicken Teriyaki Grill Healthy,Ayam,437,"Kentang, Nasi Merah, Nasi Putih","Steamed Vege, Sunny Egg","Menu Chicken Teriyaki Grill Healthy yang sehat dan lezat."
245,Dori Saus Mentega Diet,Ikan,439,"Jagung, Nasi Merah, Nasi Putih","Salad Sayur","Menu Dori Saus Mentega Diet yang sehat dan lezat."
246,Grilled Chicken Dietgo Healthy,Ayam,425,"Jagung, Nasi Merah, Nasi Putih","Tumis Sayur, Tofu","Menu Grilled Chicken Dietgo Healthy yang sehat dan lezat."
247,Dori Cabe Garam Premium,Ikan,369,"Jagung, Nasi Merah, Nasi Putih","Steamed Vege, Sunny Egg","Menu Dori Cabe Garam Premium yang sehat dan lezat."
248,Japanese Beef Gyudon with Lemonilo Premium,Sapi,410,"Kentang, Ubi, Nasi Merah, Nasi Putih","Salad Sayur","Menu Japanese Beef Gyudon with Lemonilo Premium yang sehat dan lezat."
249,Ayam Serundeng Healthy,Ayam,425,"Jagung, Nasi Merah, Nasi Putih","Steamed Vege, Snack","Menu Ayam Serundeng Healthy yang sehat dan lezat."
250,Chicken Blackpepper Lengkap,Ayam,423,"Kentang, Nasi Merah, Nasi Putih","Tumis Sayur, Tofu","Menu Chicken Blackpepper Lengkap yang sehat dan lezat."
251,Fish Stick Saus Korea Diet,Ikan,436,"Jagung, Nasi Merah, Nasi Putih","Tumis Sayur, Tofu","Menu Fish Stick Saus Korea Diet yang sehat dan lezat."
252,Chicken Ball Crispy Premium,Ayam,427,"Kentang, Nasi Merah, Nasi Putih","Tumis Sayur, Tofu","Menu Chicken Ball Crispy Premium yang sehat dan lezat."
253,Dori Salted Egg Diet,Ikan,423,"Kentang, Ubi, Nasi Merah, Nasi Putih","Steamed Vege, Sunny Egg","Menu Dori Salted Egg Diet yang sehat dan lezat."
254,Chicken Tomyum Healthy,Ayam,379,"Kentang, Ubi, Nasi Merah, Nasi Putih","Salad Sayur","Menu Chicken Tomyum Healthy yang sehat dan lezat."
255,with Brown Rice Box,Lainnya,418,"Jagung, Nasi Merah, Nasi Putih","Tumis Sayur, Tofu","Menu with Brown Rice Box yang sehat dan lezat."
256,Chicken Patty Crispy Bowl,Ayam,449,"Jagung, Nasi Merah, Nasi Putih","Tumis Sayur, Tofu","Menu Chicken Patty Crispy Bowl yang sehat dan lezat."
257,Sapi Cabe Garam Box,Sapi,434,"Kentang, Ubi, Nasi Merah, Nasi Putih","Steamed Vege, Sunny Egg","Menu Sapi Cabe Garam Box yang sehat dan lezat."
258,Chicken Woku Bowl,Ayam,391,"Kentang, Ubi, Nasi Merah, Nasi Putih","Steamed Vege, Snack","Menu Chicken Woku Bowl yang sehat dan lezat."
259,Chicken Grill Sambal Matah Lengkap,Ayam,359,"Kentang, Nasi Merah, Nasi Putih","Steamed Vege, Snack","Menu Chicken Grill Sambal Matah Lengkap yang sehat dan lezat."
260,Chicken Blackpepper & Egg Tortila Box,Ayam,449,"Jagung, Nasi Merah, Nasi Putih","Steamed Vege, Snack","Menu Chicken Blackpepper & Egg Tortila Box yang sehat dan lezat."
261,Ayam Bakar Padang Spesial,Ayam,360,"Kentang, Nasi Merah, Nasi Putih","Steamed Vege, Sunny Egg","Menu Ayam Bakar Padang Spesial yang sehat dan lezat."
262,Ayam Maranggi Spesial,Ayam,434,"Jagung, Nasi Merah, Nasi Putih","Steamed Vege, Sunny Egg","Menu Ayam Maranggi Spesial yang sehat dan lezat."
263,Chicken Blackpepper Healthy,Ayam,449,"Jagung, Nasi Merah, Kentang","Salad Sayur","Menu Chicken Blackpepper Healthy yang sehat dan lezat."
264,Dori Katsu Saus Asam Manis Healthy,Ikan,436,"Jagung, Nasi Merah, Nasi Putih","Steamed Vege, Sunny Egg","Menu Dori Katsu Saus Asam Manis Healthy yang sehat dan lezat."
265,Ayam Maranggi Box,Ayam,395,"Kentang, Ubi, Nasi Merah, Nasi Putih","Tumis Sayur, Tofu","Menu Ayam Maranggi Box yang sehat dan lezat."
266,Bola Daging Teriyaki Box,Sapi,355,"Kentang, Nasi Merah, Nasi Putih","Salad Sayur","Menu Bola Daging Teriyaki Box yang sehat dan lezat."
267,Sapi Cabe Garam Bowl,Sapi,373,"Kentang, Nasi Merah, Nasi Putih","Steamed Vege, Tofu","Menu Sapi Cabe Garam Bowl yang sehat dan lezat."
268,Beef Burger Diet,Sapi,370,"Jagung, Nasi Merah, Nasi Putih","Salad Sayur","Menu Beef Burger Diet yang sehat dan lezat."
269,Beef Bulgogi Healthy,Sapi,370,"Kentang, Nasi Merah, Nasi Putih","Steamed Vege, Snack","Menu Beef Bulgogi Healthy yang sehat dan lezat."
270,Dori Sambal Ijo Box,Ikan,356,"Kentang, Nasi Merah, Nasi Putih","Salad Sayur","Menu Dori Sambal Ijo Box yang sehat dan lezat."
271,Japanese Beef Gyudon with Brown Rice Spesial,Sapi,391,"Jagung, Nasi Merah, Nasi Putih","Steamed Vege, Sunny Egg","Menu Japanese Beef Gyudon with Brown Rice Spesial yang sehat dan lezat."
272,Ayam Serundeng Healthy,Ayam,449,"Kentang, Nasi Merah, Nasi Putih","Steamed Vege, Sunny Egg","Menu Ayam Serundeng Healthy yang sehat dan lezat."
273,Chicken Teriyaki Grill Lengkap,Ayam,427,"Kentang, Ubi, Nasi Merah, Nasi Putih","Salad Sayur","Menu Chicken Teriyaki Grill Lengkap yang sehat dan lezat."
274,Chicken Honey Healthy,Ayam,360,"Kentang, Ubi, Nasi Merah, Nasi Putih","Steamed Vege, Sunny Egg","Menu Chicken Honey Healthy yang sehat dan lezat."
275,Baked Chicken Honey Premium,Ayam,362,"Kentang, Nasi Merah, Nasi Putih","Tumis Sayur, Tofu","Menu Baked Chicken Honey Premium yang sehat dan lezat."
276,Soto Ayam Spesial Diet,Ayam,423,"Kentang, Nasi Merah, Nasi Putih","Tumis Sayur, Tofu","Menu Soto Ayam Spesial Diet yang sehat dan lezat."
277,Grilled Chicken with Lemonilo Healthy,Ayam,395,"Kentang, Ubi, Nasi Merah, Nasi Putih","Salad Sayur","Menu Grilled Chicken with Lemonilo Healthy yang sehat dan lezat."
278,Chicken Ball Crispy Premium,Ayam,364,"Kentang, Ubi, Nasi Merah, Nasi Putih","Steamed Vege, Snack","Menu Chicken Ball Crispy Premium yang sehat dan lezat."
279,Dori Oat Saus Wijen Premium,Ikan,398,"Jagung, Nasi Merah, Nasi Putih","Salad Sayur","Menu Dori Oat Saus Wijen Premium yang sehat dan lezat."
280,Ayam Saus Mentega Diet,Ayam,362,"Jagung, Nasi Merah, Nasi Putih","Salad Sayur","Menu Ayam Saus Mentega Diet yang sehat dan lezat."
281,Dori Oat Saus Asam Manis Diet,Ikan,379,"Kentang, Nasi Merah, Nasi Putih","Salad Sayur","Menu Dori Oat Saus Asam Manis Diet yang sehat dan lezat."
282,Rawon Surabaya Lengkap,Sapi,434,"Jagung, Nasi Merah, Nasi Putih","Steamed Vege, Sunny Egg","Menu Rawon Surabaya Lengkap yang sehat dan lezat."
283,Opor Ayam (Tanpa Santan) Lengkap,Ayam,379,"Kentang, Ubi, Nasi Merah, Nasi Putih","Tumis Sayur, Tofu","Menu Opor Ayam (Tanpa Santan) Lengkap yang sehat dan lezat."
284,Chicken Ball Blackpepper Box,Ayam,449,"Jagung, Nasi Merah, Nasi Putih","Steamed Vege, Tofu","Menu Chicken Ball Blackpepper Box yang sehat dan lezat."
285,Sempol Ayam Grill Bowl,Ayam,434,"Kentang, Ubi, Nasi Merah, Nasi Putih","Steamed Vege, Tofu","Menu Sempol Ayam Grill Bowl yang sehat dan lezat."
286,Dori Katsu Balado Premium,Ikan,436,"Jagung, Nasi Merah, Nasi Putih","Steamed Vege, Sunny Egg","Menu Dori Katsu Balado Premium yang sehat dan lezat."
287,Grilled Chicken Dietgo Healthy,Ayam,395,"Kentang, Ubi, Nasi Merah, Nasi Putih","Steamed Vege, Sunny Egg","Menu Grilled Chicken Dietgo Healthy yang sehat dan lezat."
288,Pasta Aglio Eolio & Dori Stick Diet,Ikan,428,"Jagung, Nasi Merah, Nasi Putih","Tumis Sayur, Tofu","Menu Pasta Aglio Eolio & Dori Stick Diet yang sehat dan lezat."
289,Sapi Cabe Garam Lengkap,Sapi,423,"Kentang, Nasi Merah, Nasi Putih","Steamed Vege, Tofu","Menu Sapi Cabe Garam Lengkap yang sehat dan lezat."
290,Soto Bandung Healthy,Sapi,428,"Jagung, Nasi Merah, Nasi Putih","Tumis Sayur, Tofu","Menu Soto Bandung Healthy yang sehat dan lezat."
291,with Brown Rice Healthy,Lainnya,368,"Kentang, Ubi, Nasi Merah, Nasi Putih","Steamed Vege, Snack","Menu with Brown Rice Healthy yang sehat dan lezat."
292,Dori Stick Premium,Ikan,398,"Jagung, Nasi Merah, Nasi Putih","Steamed Vege, Snack","Menu Dori Stick Premium yang sehat dan lezat."
293,Ayam Sambel Geprek Bowl,Ayam,418,"Kentang, Nasi Merah, Nasi Putih","Steamed Vege, Snack","Menu Ayam Sambel Geprek Bowl yang sehat dan lezat."
294,Beef Yakiniku Spesial,Sapi,355,"Kentang, Nasi Merah, Nasi Putih","Tumis Sayur, Tofu","Menu Beef Yakiniku Spesial yang sehat dan lezat."
295,Soto Ayam Spesial Spesial,Ayam,351,"Kentang, Nasi Merah, Nasi Putih","Salad Sayur","Menu Soto Ayam Spesial Spesial yang sehat dan lezat."
296,Sei Sapi with Potatoes Diet,Sapi,368,"Jagung, Nasi Merah, Nasi Putih","Steamed Vege, Tofu","Menu Sei Sapi with Potatoes Diet yang sehat dan lezat."
297,Sei Sapi with Lemonilo Premium,Sapi,427,"Kentang, Ubi, Nasi Merah, Nasi Putih","Steamed Vege, Sunny Egg","Menu Sei Sapi with Lemonilo Premium yang sehat dan lezat."
298,Chicken Herbs Grill & Egg Tortila Bowl,Ayam,419,"Jagung, Nasi Merah, Nasi Putih","Tumis Sayur, Tofu","Menu Chicken Herbs Grill & Egg Tortila Bowl yang sehat dan lezat."
299,Sei Ayam with Potatoes Premium,Ayam,391,"Jagung, Nasi Merah, Kentang","Salad Sayur","Menu Sei Ayam with Potatoes Premium yang sehat dan lezat."
300,Fish Stick Saus Wijen Premium,Ikan,360,"Jagung, Nasi Merah, Nasi Putih","Steamed Vege, Sunny Egg","Menu Fish Stick Saus Wijen Premium yang sehat dan lezat."
301,Spaghetti Ayam Geprek,Ayam,548,Pasta,Brokoli Rebus,"Menu Spaghetti Ayam Geprek ala Yellow Fit Kitchen, rendah kalori dan bergizi."
302,Healthy Japanese Sushi Roll,Lainnya,546,Nasi Coklat,Kimchi,"Menu Healthy Japanese Sushi Roll ala Yellow Fit Kitchen, rendah kalori dan bergizi."
303,Telur Mata Sapi Balado Special,Lainnya,527,Pasta,Salad Oil Dressing,"Menu Telur Mata Sapi Balado Special ala Yellow Fit Kitchen, rendah kalori dan bergizi."
304,Salmon Red Thai Curry YellowFit,Seafood,538,Pasta,Mushroom Melt,"Menu Salmon Red Thai Curry YellowFit ala Yellow Fit Kitchen, rendah kalori dan bergizi."
305,Ayam Asam Manis Healthy,Ayam,536,Red Grain Rice,Sunny Egg,"Menu Ayam Asam Manis Healthy ala Yellow Fit Kitchen, rendah kalori dan bergizi."
306,Pizza Fit,Lainnya,527,Pasta,Sunny Egg,"Menu Pizza Fit ala Yellow Fit Kitchen, rendah kalori dan bergizi."
307,Ayam Goreng Kunyit,Ayam,509,Nasi Merah,Kimchi,"Menu Ayam Goreng Kunyit ala Yellow Fit Kitchen, rendah kalori dan bergizi."
308,Ayam Goreng Kunyit YellowFit,Ayam,517,Jagung,Tumis Sayur,"Menu Ayam Goreng Kunyit YellowFit ala Yellow Fit Kitchen, rendah kalori dan bergizi."
309,Khao Soi Noodle Supreme,Lainnya,471,Jagung,Kimchi,"Menu Khao Soi Noodle Supreme ala Yellow Fit Kitchen, rendah kalori dan bergizi."
310,Chicken Soy Garlic YangNyeom Supreme,Ayam,544,Nasi Merah,Kimchi,"Menu Chicken Soy Garlic YangNyeom Supreme ala Yellow Fit Kitchen, rendah kalori dan bergizi."
311,Prawn Cake Thailand Sauce,Seafood,536,Nasi Merah,Brokoli Rebus,"Menu Prawn Cake Thailand Sauce ala Yellow Fit Kitchen, rendah kalori dan bergizi."
312,Opor Susu Legenda Deluxe,Lainnya,451,Garlic Rice,Kimchi,"Menu Opor Susu Legenda Deluxe ala Yellow Fit Kitchen, rendah kalori dan bergizi."
313,Mac Diet Panas Special,Lainnya,527,Red Grain Rice,Mushroom Melt,"Menu Mac Diet Panas Special ala Yellow Fit Kitchen, rendah kalori dan bergizi."
314,Healthy Oseng Mercon Sapi,Sapi,507,Nasi Hitam,Salad Oil Dressing,"Menu Healthy Oseng Mercon Sapi ala Yellow Fit Kitchen, rendah kalori dan bergizi."
315,Baked Fish Mozaru,Ikan,537,Pasta,Kimchi,"Menu Baked Fish Mozaru ala Yellow Fit Kitchen, rendah kalori dan bergizi."
316,Thai Coconut Curry Baby Corn Chef's Choice,Lainnya,549,Jagung,Sunny Egg,"Menu Thai Coconut Curry Baby Corn Chef's Choice ala Yellow Fit Kitchen, rendah kalori dan bergizi."
317,Ayam Betutu Sambal Matah,Ayam,546,Pasta,Tumis Sayur,"Menu Ayam Betutu Sambal Matah ala Yellow Fit Kitchen, rendah kalori dan bergizi."
318,Japanese Beef Teriyaki Bread Supreme,Sapi,542,Garlic Rice,Mushroom Melt,"Menu Japanese Beef Teriyaki Bread Supreme ala Yellow Fit Kitchen, rendah kalori dan bergizi."
319,Hamburg Steak Saus Teriyaki,Sapi,546,Garlic Rice,Fried Wonton,"Menu Hamburg Steak Saus Teriyaki ala Yellow Fit Kitchen, rendah kalori dan bergizi."
320,Healthy Japanese Sushi Roll YellowFit,Lainnya,528,Garlic Rice,Tofu,"Menu Healthy Japanese Sushi Roll YellowFit ala Yellow Fit Kitchen, rendah kalori dan bergizi."
321,Thai Coconut Curry Baby Corn Signature,Lainnya,504,Nasi Coklat,Mushroom Melt,"Menu Thai Coconut Curry Baby Corn Signature ala Yellow Fit Kitchen, rendah kalori dan bergizi."
322,Ayam Betutu Sambal Matah YellowFit,Ayam,548,Nasi Kuning,Mushroom Melt,"Menu Ayam Betutu Sambal Matah YellowFit ala Yellow Fit Kitchen, rendah kalori dan bergizi."
323,Opor Susu Legenda Special,Lainnya,511,Nasi Merah,Tofu,"Menu Opor Susu Legenda Special ala Yellow Fit Kitchen, rendah kalori dan bergizi."
324,Chicken Soy Garlic YangNyeom Deluxe,Ayam,524,Red Grain Rice,Tempe Orek,"Menu Chicken Soy Garlic YangNyeom Deluxe ala Yellow Fit Kitchen, rendah kalori dan bergizi."
325,Mac Diet Panas Special YellowFit,Lainnya,525,Garlic Rice,Mushroom Melt,"Menu Mac Diet Panas Special YellowFit ala Yellow Fit Kitchen, rendah kalori dan bergizi."
326,Torikatsu Chicken Ramen Special,Ayam,520,Nasi Coklat,Fried Wonton,"Menu Torikatsu Chicken Ramen Special ala Yellow Fit Kitchen, rendah kalori dan bergizi."
327,Hamburg Steak Saus Teriyaki Chef's Choice,Sapi,522,Nasi Coklat,Tofu,"Menu Hamburg Steak Saus Teriyaki Chef's Choice ala Yellow Fit Kitchen, rendah kalori dan bergizi."
328,Thai Coconut Curry Baby Corn Deluxe,Lainnya,523,Nasi Hitam,Salad Oil Dressing,"Menu Thai Coconut Curry Baby Corn Deluxe ala Yellow Fit Kitchen, rendah kalori dan bergizi."
329,Spaghetti Ayam Geprek Special,Ayam,507,Nasi Hitam,Mushroom Melt,"Menu Spaghetti Ayam Geprek Special ala Yellow Fit Kitchen, rendah kalori dan bergizi."
330,Beef Short Ribs Rendang Special,Sapi,522,Garlic Rice,Tofu,"Menu Beef Short Ribs Rendang Special ala Yellow Fit Kitchen, rendah kalori dan bergizi."
331,Mac Diet Panas Special Deluxe,Lainnya,526,Nasi Coklat,Salad Oil Dressing,"Menu Mac Diet Panas Special Deluxe ala Yellow Fit Kitchen, rendah kalori dan bergizi."
332,Pizza Fit Signature,Lainnya,525,Red Grain Rice,Brokoli Rebus,"Menu Pizza Fit Signature ala Yellow Fit Kitchen, rendah kalori dan bergizi."
333,Soto Betawi Ayam,Ayam,547,Pasta,Brokoli Rebus,"Menu Soto Betawi Ayam ala Yellow Fit Kitchen, rendah kalori dan bergizi."
334,Chicken Soy Garlic YangNyeom,Ayam,541,Nasi Hitam,Tempe Orek,"Menu Chicken Soy Garlic YangNyeom ala Yellow Fit Kitchen, rendah kalori dan bergizi."
335,Ayam Asam Manis Healthy Deluxe,Ayam,523,Red Grain Rice,Mushroom Melt,"Menu Ayam Asam Manis Healthy Deluxe ala Yellow Fit Kitchen, rendah kalori dan bergizi."
336,Mac Diet Panas Special Chef's Choice,Lainnya,549,Jagung,Mushroom Melt,"Menu Mac Diet Panas Special Chef's Choice ala Yellow Fit Kitchen, rendah kalori dan bergizi."
337,Udang Saus Blackpepper Chef's Choice,Seafood,543,Pasta,Tumis Sayur,"Menu Udang Saus Blackpepper Chef's Choice ala Yellow Fit Kitchen, rendah kalori dan bergizi."
338,Chicken Soy Garlic YangNyeom YellowFit,Ayam,526,Pasta,Tumis Sayur,"Menu Chicken Soy Garlic YangNyeom YellowFit ala Yellow Fit Kitchen, rendah kalori dan bergizi."
339,Pizza Fit Chef's Choice,Lainnya,543,Jagung,Tempe Orek,"Menu Pizza Fit Chef's Choice ala Yellow Fit Kitchen, rendah kalori dan bergizi."
340,Baked Fish Mozaru Signature,Ikan,513,Nasi Hitam,Fried Wonton,"Menu Baked Fish Mozaru Signature ala Yellow Fit Kitchen, rendah kalori dan bergizi."
341,Healthy Japanese Sushi Roll,Lainnya,544,Nasi Hitam,Sunny Egg,"Menu Healthy Japanese Sushi Roll ala Yellow Fit Kitchen, rendah kalori dan bergizi."
342,Healthy Oseng Mercon Sapi Chef's Choice,Sapi,524,Nasi Merah,Mushroom Melt,"Menu Healthy Oseng Mercon Sapi Chef's Choice ala Yellow Fit Kitchen, rendah kalori dan bergizi."
343,Prawn Cake Thailand Sauce Special,Seafood,524,Nasi Kuning,Sunny Egg,"Menu Prawn Cake Thailand Sauce Special ala Yellow Fit Kitchen, rendah kalori dan bergizi."
344,Prawn Cake Thailand Sauce Chef's Choice,Seafood,530,Pasta,Salad Oil Dressing,"Menu Prawn Cake Thailand Sauce Chef's Choice ala Yellow Fit Kitchen, rendah kalori dan bergizi."
345,Baked Fish Mozaru Chef's Choice,Ikan,539,Nasi Merah,Fried Wonton,"Menu Baked Fish Mozaru Chef's Choice ala Yellow Fit Kitchen, rendah kalori dan bergizi."
346,Indonesian Beef Bakso Signature,Sapi,518,Red Grain Rice,Sunny Egg,"Menu Indonesian Beef Bakso Signature ala Yellow Fit Kitchen, rendah kalori dan bergizi."
347,Ginger Chicken Ramen Kuroda Special,Ayam,543,Red Grain Rice,Kimchi,"Menu Ginger Chicken Ramen Kuroda Special ala Yellow Fit Kitchen, rendah kalori dan bergizi."
348,Healthy Oseng Mercon Sapi YellowFit,Sapi,512,Garlic Rice,Kimchi,"Menu Healthy Oseng Mercon Sapi YellowFit ala Yellow Fit Kitchen, rendah kalori dan bergizi."
349,Japanese Beef Teriyaki Bread,Sapi,527,Nasi Hitam,Mushroom Melt,"Menu Japanese Beef Teriyaki Bread ala Yellow Fit Kitchen, rendah kalori dan bergizi."
350,Soto Betawi Ayam Chef's Choice,Ayam,532,Nasi Kuning,Sunny Egg,"Menu Soto Betawi Ayam Chef's Choice ala Yellow Fit Kitchen, rendah kalori dan bergizi."
351,Thai Coconut Curry Baby Corn,Lainnya,520,Nasi Coklat,Tofu,"Menu Thai Coconut Curry Baby Corn ala Yellow Fit Kitchen, rendah kalori dan bergizi."
352,Torikatsu Chicken Ramen Special,Ayam,546,Nasi Coklat,Brokoli Rebus,"Menu Torikatsu Chicken Ramen Special ala Yellow Fit Kitchen, rendah kalori dan bergizi."
353,Indonesian Beef Bakso Special,Sapi,543,Red Grain Rice,Tempe Orek,"Menu Indonesian Beef Bakso Special ala Yellow Fit Kitchen, rendah kalori dan bergizi."
354,Healthy Oseng Mercon Sapi YellowFit,Sapi,542,Pasta,Kimchi,"Menu Healthy Oseng Mercon Sapi YellowFit ala Yellow Fit Kitchen, rendah kalori dan bergizi."
355,Chicken Egg Okonomiyaki Deluxe,Ayam,542,Garlic Rice,Tofu,"Menu Chicken Egg Okonomiyaki Deluxe ala Yellow Fit Kitchen, rendah kalori dan bergizi."
356,Indonesian Beef Bakso YellowFit,Sapi,519,Nasi Merah,Mushroom Melt,"Menu Indonesian Beef Bakso YellowFit ala Yellow Fit Kitchen, rendah kalori dan bergizi."
357,Baked Fish Mozaru Chef's Choice,Ikan,517,Jagung,Tumis Sayur,"Menu Baked Fish Mozaru Chef's Choice ala Yellow Fit Kitchen, rendah kalori dan bergizi."
358,Mac Diet Panas Special Deluxe,Lainnya,549,Garlic Rice,Tumis Sayur,"Menu Mac Diet Panas Special Deluxe ala Yellow Fit Kitchen, rendah kalori dan bergizi."
359,Chicken Truffle Meatballs YellowFit,Ayam,537,Pasta,Brokoli Rebus,"Menu Chicken Truffle Meatballs YellowFit ala Yellow Fit Kitchen, rendah kalori dan bergizi."
360,Chicken Soy Garlic YangNyeom Supreme,Ayam,530,Jagung,Sunny Egg,"Menu Chicken Soy Garlic YangNyeom Supreme ala Yellow Fit Kitchen, rendah kalori dan bergizi."
361,Ayam Goreng Kunyit Signature,Ayam,549,Pasta,Sunny Egg,"Menu Ayam Goreng Kunyit Signature ala Yellow Fit Kitchen, rendah kalori dan bergizi."
362,Khao Soi Noodle Special,Lainnya,549,Nasi Kuning,Tempe Orek,"Menu Khao Soi Noodle Special ala Yellow Fit Kitchen, rendah kalori dan bergizi."
363,Indonesian Beef Bakso Supreme,Sapi,541,Nasi Kuning,Tofu,"Menu Indonesian Beef Bakso Supreme ala Yellow Fit Kitchen, rendah kalori dan bergizi."
364,Udang Saus Blackpepper Chef's Choice,Seafood,532,Nasi Kuning,Sunny Egg,"Menu Udang Saus Blackpepper Chef's Choice ala Yellow Fit Kitchen, rendah kalori dan bergizi."
365,Ayam Asam Manis Healthy Chef's Choice,Ayam,543,Red Grain Rice,Tofu,"Menu Ayam Asam Manis Healthy Chef's Choice ala Yellow Fit Kitchen, rendah kalori dan bergizi."
366,Chicken Soy Garlic YangNyeom YellowFit,Ayam,543,Red Grain Rice,Kimchi,"Menu Chicken Soy Garlic YangNyeom YellowFit ala Yellow Fit Kitchen, rendah kalori dan bergizi."
367,Soto Betawi Ayam Deluxe,Ayam,532,Garlic Rice,Kimchi,"Menu Soto Betawi Ayam Deluxe ala Yellow Fit Kitchen, rendah kalori dan bergizi."
368,Salmon Red Thai Curry YellowFit,Seafood,535,Jagung,Sunny Egg,"Menu Salmon Red Thai Curry YellowFit ala Yellow Fit Kitchen, rendah kalori dan bergizi."
369,Ayam Betutu Sambal Matah Deluxe,Ayam,547,Garlic Rice,Tumis Sayur,"Menu Ayam Betutu Sambal Matah Deluxe ala Yellow Fit Kitchen, rendah kalori dan bergizi."
370,Chicken Egg Okonomiyaki Special,Ayam,513,Nasi Hitam,Brokoli Rebus,"Menu Chicken Egg Okonomiyaki Special ala Yellow Fit Kitchen, rendah kalori dan bergizi."
371,Chicken Truffle Meatballs Signature,Ayam,525,Garlic Rice,Brokoli Rebus,"Menu Chicken Truffle Meatballs Signature ala Yellow Fit Kitchen, rendah kalori dan bergizi."
372,Bakwan Sayur Healthy,Lainnya,547,Pasta,Brokoli Rebus,"Menu Bakwan Sayur Healthy ala Yellow Fit Kitchen, rendah kalori dan bergizi."
373,Ayam Goreng Kunyit Supreme,Ayam,518,Garlic Rice,Fried Wonton,"Menu Ayam Goreng Kunyit Supreme ala Yellow Fit Kitchen, rendah kalori dan bergizi."
374,Beef Short Ribs Rendang YellowFit,Sapi,528,Garlic Rice,Brokoli Rebus,"Menu Beef Short Ribs Rendang YellowFit ala Yellow Fit Kitchen, rendah kalori dan bergizi."
375,Ayam Betutu Sambal Matah Deluxe,Ayam,542,Pasta,Kimchi,"Menu Ayam Betutu Sambal Matah Deluxe ala Yellow Fit Kitchen, rendah kalori dan bergizi."
376,Beef Short Ribs Rendang YellowFit,Sapi,519,Red Grain Rice,Salad Oil Dressing,"Menu Beef Short Ribs Rendang YellowFit ala Yellow Fit Kitchen, rendah kalori dan bergizi."
377,Chicken Egg Okonomiyaki Supreme,Ayam,547,Nasi Kuning,Mushroom Melt,"Menu Chicken Egg Okonomiyaki Supreme ala Yellow Fit Kitchen, rendah kalori dan bergizi."
378,Udang Saus Blackpepper Chef's Choice,Seafood,546,Garlic Rice,Brokoli Rebus,"Menu Udang Saus Blackpepper Chef's Choice ala Yellow Fit Kitchen, rendah kalori dan bergizi."
379,Opor Susu Legenda YellowFit,Lainnya,546,Nasi Coklat,Kimchi,"Menu Opor Susu Legenda YellowFit ala Yellow Fit Kitchen, rendah kalori dan bergizi."
380,Udang Saus Blackpepper YellowFit,Seafood,530,Red Grain Rice,Kimchi,"Menu Udang Saus Blackpepper YellowFit ala Yellow Fit Kitchen, rendah kalori dan bergizi."
381,Mac Diet Panas Special Deluxe,Lainnya,530,Pasta,Salad Oil Dressing,"Menu Mac Diet Panas Special Deluxe ala Yellow Fit Kitchen, rendah kalori dan bergizi."
382,Ayam Asam Manis Healthy YellowFit,Ayam,530,Garlic Rice,Sunny Egg,"Menu Ayam Asam Manis Healthy YellowFit ala Yellow Fit Kitchen, rendah kalori dan bergizi."
383,Khao Soi Noodle Supreme,Lainnya,532,Nasi Kuning,Mushroom Melt,"Menu Khao Soi Noodle Supreme ala Yellow Fit Kitchen, rendah kalori dan bergizi."
384,Beef Short Ribs Rendang Signature,Sapi,518,Nasi Merah,Fried Wonton,"Menu Beef Short Ribs Rendang Signature ala Yellow Fit Kitchen, rendah kalori dan bergizi."
385,Prawn Cake Thailand Sauce,Seafood,538,Nasi Hitam,Salad Oil Dressing,"Menu Prawn Cake Thailand Sauce ala Yellow Fit Kitchen, rendah kalori dan bergizi."
386,Ayam Goreng Kunyit Signature,Ayam,525,Garlic Rice,Salad Oil Dressing,"Menu Ayam Goreng Kunyit Signature ala Yellow Fit Kitchen, rendah kalori dan bergizi."
387,Chicken Egg Okonomiyaki Supreme,Ayam,542,Nasi Coklat,Tofu,"Menu Chicken Egg Okonomiyaki Supreme ala Yellow Fit Kitchen, rendah kalori dan bergizi."
388,Ayam Asam Manis Healthy Deluxe,Ayam,532,Nasi Hitam,Salad Oil Dressing,"Menu Ayam Asam Manis Healthy Deluxe ala Yellow Fit Kitchen, rendah kalori dan bergizi."
389,Pizza Fit Chef's Choice,Lainnya,533,Nasi Hitam,Kimchi,"Menu Pizza Fit Chef's Choice ala Yellow Fit Kitchen, rendah kalori dan bergizi."
390,Healthy Japanese Sushi Roll,Lainnya,511,Nasi Merah,Brokoli Rebus,"Menu Healthy Japanese Sushi Roll ala Yellow Fit Kitchen, rendah kalori dan bergizi."
391,Chicken Egg Okonomiyaki Special,Ayam,518,Garlic Rice,Sunny Egg,"Menu Chicken Egg Okonomiyaki Special ala Yellow Fit Kitchen, rendah kalori dan bergizi."
392,Chicken Truffle Meatballs YellowFit,Ayam,528,Red Grain Rice,Mushroom Melt,"Menu Chicken Truffle Meatballs YellowFit ala Yellow Fit Kitchen, rendah kalori dan bergizi."
393,Ayam Goreng Kunyit,Ayam,527,Nasi Kuning,Mushroom Melt,"Menu Ayam Goreng Kunyit ala Yellow Fit Kitchen, rendah kalori dan bergizi."
394,Ayam Asam Manis Healthy Chef's Choice,Ayam,537,Garlic Rice,Mushroom Melt,"Menu Ayam Asam Manis Healthy Chef's Choice ala Yellow Fit Kitchen, rendah kalori dan bergizi."
395,Chicken Truffle Meatballs Deluxe,Ayam,517,Jagung,Tempe Orek,"Menu Chicken Truffle Meatballs Deluxe ala Yellow Fit Kitchen, rendah kalori dan bergizi."
396,Hamburg Steak Saus Teriyaki,Sapi,537,Red Grain Rice,Salad Oil Dressing,"Menu Hamburg Steak Saus Teriyaki ala Yellow Fit Kitchen, rendah kalori dan bergizi."
397,Japanese Beef Teriyaki Bread YellowFit,Sapi,522,Pasta,Kimchi,"Menu Japanese Beef Teriyaki Bread YellowFit ala Yellow Fit Kitchen, rendah kalori dan bergizi."
398,Soto Betawi Ayam,Ayam,529,Jagung,Brokoli Rebus,"Menu Soto Betawi Ayam ala Yellow Fit Kitchen, rendah kalori dan bergizi."
399,Chicken Soy Garlic YangNyeom Supreme,Ayam,530,Nasi Coklat,Kimchi,"Menu Chicken Soy Garlic YangNyeom Supreme ala Yellow Fit Kitchen, rendah kalori dan bergizi."
400,Ayam Asam Manis Healthy Signature,Ayam,525,Garlic Rice,Tempe Orek,"Menu Ayam Asam Manis Healthy Signature ala Yellow Fit Kitchen, rendah kalori dan bergizi."
401,Indonesian Beef Bakso,Sapi,533,Nasi Kuning,Tumis Sayur,"Menu Indonesian Beef Bakso ala Yellow Fit Kitchen, rendah kalori dan bergizi."
402,Thai Coconut Curry Baby Corn,Lainnya,530,Red Grain Rice,Tumis Sayur,"Menu Thai Coconut Curry Baby Corn ala Yellow Fit Kitchen, rendah kalori dan bergizi."
403,Telur Mata Sapi Balado Special,Lainnya,520,Nasi Hitam,Salad Oil Dressing,"Menu Telur Mata Sapi Balado Special ala Yellow Fit Kitchen, rendah kalori dan bergizi."
404,Healthy Japanese Sushi Roll,Lainnya,527,Nasi Hitam,Tofu,"Menu Healthy Japanese Sushi Roll ala Yellow Fit Kitchen, rendah kalori dan bergizi."
405,Mac Diet Panas Special Special,Lainnya,527,Nasi Merah,Mushroom Melt,"Menu Mac Diet Panas Special Special ala Yellow Fit Kitchen, rendah kalori dan bergizi."
406,Slow Cooked Beef Deluxe,Sapi,525,Red Grain Rice,Salad Oil Dressing,"Menu Slow Cooked Beef Deluxe ala Yellow Fit Kitchen, rendah kalori dan bergizi."
407,Baked Fish Mozaru Special,Ikan,530,Pasta,Brokoli Rebus,"Menu Baked Fish Mozaru Special ala Yellow Fit Kitchen, rendah kalori dan bergizi."
408,Spaghetti Ayam Geprek Special,Ayam,523,Red Grain Rice,Fried Wonton,"Menu Spaghetti Ayam Geprek Special ala Yellow Fit Kitchen, rendah kalori dan bergizi."
409,Salmon Red Thai Curry Chef's Choice,Seafood,535,Nasi Hitam,Tempe Orek,"Menu Salmon Red Thai Curry Chef's Choice ala Yellow Fit Kitchen, rendah kalori dan bergizi."
410,Baked Fish Mozaru Supreme,Ikan,547,Nasi Hitam,Tumis Sayur,"Menu Baked Fish Mozaru Supreme ala Yellow Fit Kitchen, rendah kalori dan bergizi."
411,Telur Mata Sapi Balado Supreme,Lainnya,511,Nasi Merah,Fried Wonton,"Menu Telur Mata Sapi Balado Supreme ala Yellow Fit Kitchen, rendah kalori dan bergizi."
412,Japanese Beef Teriyaki Bread Supreme,Sapi,533,Nasi Coklat,Salad Oil Dressing,"Menu Japanese Beef Teriyaki Bread Supreme ala Yellow Fit Kitchen, rendah kalori dan bergizi."
413,Beef Short Ribs Rendang Special,Sapi,546,Red Grain Rice,Salad Oil Dressing,"Menu Beef Short Ribs Rendang Special ala Yellow Fit Kitchen, rendah kalori dan bergizi."
414,Khao Soi Noodle Supreme,Lainnya,525,Garlic Rice,Kimchi,"Menu Khao Soi Noodle Supreme ala Yellow Fit Kitchen, rendah kalori dan bergizi."
415,Udang Saus Blackpepper Chef's Choice,Seafood,512,Nasi Hitam,Tempe Orek,"Menu Udang Saus Blackpepper Chef's Choice ala Yellow Fit Kitchen, rendah kalori dan bergizi."
416,Torikatsu Chicken Ramen Chef's Choice,Ayam,537,Nasi Coklat,Kimchi,"Menu Torikatsu Chicken Ramen Chef's Choice ala Yellow Fit Kitchen, rendah kalori dan bergizi."
417,Thai Coconut Curry Baby Corn,Lainnya,546,Nasi Coklat,Tofu,"Menu Thai Coconut Curry Baby Corn ala Yellow Fit Kitchen, rendah kalori dan bergizi."
418,Indonesian Beef Bakso Signature,Sapi,533,Garlic Rice,Kimchi,"Menu Indonesian Beef Bakso Signature ala Yellow Fit Kitchen, rendah kalori dan bergizi."
419,Ayam Betutu Sambal Matah,Ayam,532,Nasi Hitam,Kimchi,"Menu Ayam Betutu Sambal Matah ala Yellow Fit Kitchen, rendah kalori dan bergizi."
420,Ayam Asam Manis Healthy YellowFit,Ayam,530,Jagung,Tempe Orek,"Menu Ayam Asam Manis Healthy YellowFit ala Yellow Fit Kitchen, rendah kalori dan bergizi."
421,Pizza Fit Signature,Lainnya,549,Garlic Rice,Tofu,"Menu Pizza Fit Signature ala Yellow Fit Kitchen, rendah kalori dan bergizi."
422,Bakwan Sayur Healthy,Lainnya,530,Red Grain Rice,Tumis Sayur,"Menu Bakwan Sayur Healthy ala Yellow Fit Kitchen, rendah kalori dan bergizi."
423,Udang Saus Blackpepper YellowFit,Seafood,544,Nasi Merah,Tumis Sayur,"Menu Udang Saus Blackpepper YellowFit ala Yellow Fit Kitchen, rendah kalori dan bergizi."
424,Slow Cooked Beef Signature,Sapi,518,Nasi Merah,Tofu,"Menu Slow Cooked Beef Signature ala Yellow Fit Kitchen, rendah kalori dan bergizi."
425,Chicken Egg Okonomiyaki Deluxe,Ayam,543,Nasi Hitam,Kimchi,"Menu Chicken Egg Okonomiyaki Deluxe ala Yellow Fit Kitchen, rendah kalori dan bergizi."
426,Opor Susu Legenda Special,Lainnya,511,Nasi Hitam,Sunny Egg,"Menu Opor Susu Legenda Special ala Yellow Fit Kitchen, rendah kalori dan bergizi."
427,Chicken Truffle Meatballs YellowFit,Ayam,511,Nasi Kuning,Fried Wonton,"Menu Chicken Truffle Meatballs YellowFit ala Yellow Fit Kitchen, rendah kalori dan bergizi."
428,Ayam Goreng Kunyit Signature,Ayam,533,Nasi Merah,Brokoli Rebus,"Menu Ayam Goreng Kunyit Signature ala Yellow Fit Kitchen, rendah kalori dan bergizi."
429,Opor Susu Legenda Chef's Choice,Lainnya,511,Nasi Coklat,Mushroom Melt,"Menu Opor Susu Legenda Chef's Choice ala Yellow Fit Kitchen, rendah kalori dan bergizi."
430,Mac Diet Panas Special Signature,Lainnya,537,Nasi Kuning,Mushroom Melt,"Menu Mac Diet Panas Special Signature ala Yellow Fit Kitchen, rendah kalori dan bergizi."
431,Khao Soi Noodle Supreme,Lainnya,527,Nasi Kuning,Salad Oil Dressing,"Menu Khao Soi Noodle Supreme ala Yellow Fit Kitchen, rendah kalori dan bergizi."
432,Ayam Asam Manis Healthy YellowFit,Ayam,511,Red Grain Rice,Kimchi,"Menu Ayam Asam Manis Healthy YellowFit ala Yellow Fit Kitchen, rendah kalori dan bergizi."
433,Ayam Goreng Kunyit Chef's Choice,Ayam,519,Nasi Merah,Tempe Orek,"Menu Ayam Goreng Kunyit Chef's Choice ala Yellow Fit Kitchen, rendah kalori dan bergizi."
434,Torikatsu Chicken Ramen Special,Ayam,544,Nasi Hitam,Tumis Sayur,"Menu Torikatsu Chicken Ramen Special ala Yellow Fit Kitchen, rendah kalori dan bergizi."
435,Torikatsu Chicken Ramen Signature,Ayam,541,Nasi Merah,Tofu,"Menu Torikatsu Chicken Ramen Signature ala Yellow Fit Kitchen, rendah kalori dan bergizi."
436,Nasi Uduk Saus Kacang Supreme,Lainnya,518,Nasi Coklat,Tumis Sayur,"Menu Nasi Uduk Saus Kacang Supreme ala Yellow Fit Kitchen, rendah kalori dan bergizi."
437,Beef Short Ribs Rendang Special,Sapi,542,Nasi Kuning,Brokoli Rebus,"Menu Beef Short Ribs Rendang Special ala Yellow Fit Kitchen, rendah kalori dan bergizi."
438,Ayam Asam Manis Healthy,Ayam,511,Nasi Hitam,Tofu,"Menu Ayam Asam Manis Healthy ala Yellow Fit Kitchen, rendah kalori dan bergizi."
439,Ayam Goreng Kunyit Deluxe,Ayam,525,Garlic Rice,Kimchi,"Menu Ayam Goreng Kunyit Deluxe ala Yellow Fit Kitchen, rendah kalori dan bergizi."
440,Prawn Cake Thailand Sauce Chef's Choice,Seafood,532,Nasi Coklat,Fried Wonton,"Menu Prawn Cake Thailand Sauce Chef's Choice ala Yellow Fit Kitchen, rendah kalori dan bergizi."
441,Indonesian Beef Bakso Signature,Sapi,532,Nasi Kuning,Mushroom Melt,"Menu Indonesian Beef Bakso Signature ala Yellow Fit Kitchen, rendah kalori dan bergizi."
442,Prawn Cake Thailand Sauce Deluxe,Seafood,520,Nasi Coklat,Brokoli Rebus,"Menu Prawn Cake Thailand Sauce Deluxe ala Yellow Fit Kitchen, rendah kalori dan bergizi."
443,Pizza Fit Deluxe,Lainnya,542,Nasi Coklat,Tumis Sayur,"Menu Pizza Fit Deluxe ala Yellow Fit Kitchen, rendah kalori dan bergizi."
444,Telur Mata Sapi Balado Special,Lainnya,520,Red Grain Rice,Kimchi,"Menu Telur Mata Sapi Balado Special ala Yellow Fit Kitchen, rendah kalori dan bergizi."
445,Cheese Buldak Chicken YellowFit,Ayam,532,Garlic Rice,Brokoli Rebus,"Menu Cheese Buldak Chicken YellowFit ala Yellow Fit Kitchen, rendah kalori dan bergizi."
446,Thai Coconut Curry Baby Corn Special,Lainnya,457,Nasi Hitam,Tempe Orek,"Menu Thai Coconut Curry Baby Corn Special ala Yellow Fit Kitchen, rendah kalori dan bergizi."
447,Chicken Soy Garlic YangNyeom Supreme,Ayam,529,Nasi Coklat,Sunny Egg,"Menu Chicken Soy Garlic YangNyeom Supreme ala Yellow Fit Kitchen, rendah kalori dan bergizi."
448,Opor Susu Legenda Deluxe,Lainnya,499,Nasi Kuning,Tofu,"Menu Opor Susu Legenda Deluxe ala Yellow Fit Kitchen, rendah kalori dan bergizi."
449,Indonesian Beef Bakso Signature,Sapi,481,Nasi Coklat,Fried Wonton,"Menu Indonesian Beef Bakso Signature ala Yellow Fit Kitchen, rendah kalori dan bergizi."
450,Ikan Sambal Kecombrang Chef's Choice,Ikan,518,Red Grain Rice,Brokoli Rebus,"Menu Ikan Sambal Kecombrang Chef's Choice ala Yellow Fit Kitchen, rendah kalori dan bergizi."