No,Nama_Menu,Kategori,Kalori,Sumber_Karbohidrat,Deskripsi_Menu,Karbo_List,corpus,Karbo_Clean
83,ayam balado,ayam,390,jagung nasi merah nasi putih,ayam bumbu balado tumis sayur bayam wortel labu,"['jagung', 'nasi merah', 'nasi putih']",ayam balado ayam jagung nasi merah nasi putih ayam bumbu balado tumis sayur bayam wortel labu,"jagung, nasi merah, nasi putih"
266,bola daging teriyaki box,sapi,355,kentang nasi merah nasi putih,menu bola daging teriyaki box yang sehat dan lezat,"['kentang', 'nasi merah', 'nasi putih']",bola daging teriyaki box sapi kentang nasi merah nasi putih menu bola daging teriyaki box yang sehat dan lezat,"kentang, nasi merah, nasi putih"
273,chicken teriyaki grill lengkap,ayam,427,kentang ubi nasi merah nasi putih,menu chicken teriyaki grill lengkap yang sehat dan lezat,"['kentang', 'ubi', 'nasi merah', 'nasi putih']",chicken teriyaki grill lengkap ayam kentang ubi nasi merah nasi putih menu chicken teriyaki grill lengkap yang sehat dan lezat,"kentang, ubi, nasi merah, nasi putih"
30,fish stick saus korea,ikan,395,jagung nasi merah nasi putih,stik ikan renyah saus korea gochujang pedas manis,"['jagung', 'nasi merah', 'nasi putih']",fish stick saus korea ikan jagung nasi merah nasi putih stik ikan renyah saus korea gochujang pedas manis,"jagung, nasi merah, nasi putih"
11,cah ayam jamur,ayam,400,jagung nasi merah kentang,tumis ayam dan jamur kaya protein menu klasik,"['jagung', 'nasi merah', 'kentang']",cah ayam jamur ayam jagung nasi merah kentang tumis ayam dan jamur kaya protein menu klasik,"jagung, nasi merah, kentang"
247,dori cabe garam premium,ikan,369,jagung nasi merah nasi putih,menu dori cabe garam premium yang sehat dan lezat,"['jagung', 'nasi merah', 'nasi putih']",dori cabe garam premium ikan jagung nasi merah nasi putih menu dori cabe garam premium yang sehat dan lezat,"jagung, nasi merah, nasi putih"
437,beef short ribs rendang special,sapi,542,nasi kuning,menu beef short ribs rendang special ala yellow fit kitchen rendah kalori dan bergizi,['nasi kuning'],beef short ribs rendang special sapi nasi kuning menu beef short ribs rendang special ala yellow fit kitchen rendah kalori dan bergizi,nasi kuning
223,healthy fried chicken diet,ayam,355,jagung nasi merah nasi putih,menu healthy fried chicken diet yang sehat dan lezat,"['jagung', 'nasi merah', 'nasi putih']",healthy fried chicken diet ayam jagung nasi merah nasi putih menu healthy fried chicken diet yang sehat dan lezat,"jagung, nasi merah, nasi putih"
79,dori oat saus asam manis,ikan,395,jagung nasi merah nasi putih,ikan dori balut oat saus asam manis tumis sayur,"['jagung', 'nasi merah', 'nasi putih']",dori oat saus asam manis ikan jagung nasi merah nasi putih ikan dori balut oat saus asam manis tumis sayur,"jagung, nasi merah, nasi putih"
347,ginger chicken ramen kuroda special,ayam,543,red grain rice,menu ginger chicken ramen kuroda special ala yellow fit kitchen rendah kalori dan bergizi,['nasi merah'],ginger chicken ramen kuroda special ayam red grain rice menu ginger chicken ramen kuroda special ala yellow fit kitchen rendah kalori dan bergizi,nasi merah
90,ayam bakar bacem,ayam,395,jagung ubi nasi merah nasi putih,ayam bakar bumbu bacem manis gurih lauk tempe,"['jagung', 'ubi', 'nasi merah', 'nasi putih']",ayam bakar bacem ayam jagung ubi nasi merah nasi putih ayam bakar bumbu bacem manis gurih lauk tempe,"jagung, ubi, nasi merah, nasi putih"
131,beef bulgogi,sapi,400,jagung nasi merah nasi putih,daging sapi bulgogi sayur tepanyaki lauk tahu,"['jagung', 'nasi merah', 'nasi putih']",beef bulgogi sapi jagung nasi merah nasi putih daging sapi bulgogi sayur tepanyaki lauk tahu,"jagung, nasi merah, nasi putih"
406,slow cooked beef deluxe,sapi,525,red grain rice,menu slow cooked beef deluxe ala yellow fit kitchen rendah kalori dan bergizi,['nasi merah'],slow cooked beef deluxe sapi red grain rice menu slow cooked beef deluxe ala yellow fit kitchen rendah kalori dan bergizi,nasi merah
265,ayam maranggi box,ayam,395,kentang ubi nasi merah nasi putih,menu ayam maranggi box yang sehat dan lezat,"['kentang', 'ubi', 'nasi merah', 'nasi putih']",ayam maranggi box ayam kentang ubi nasi merah nasi putih menu ayam maranggi box yang sehat dan lezat,"kentang, ubi, nasi merah, nasi putih"
197,gulai ikan healthy,ikan,356,jagung nasi merah nasi putih,menu gulai ikan healthy yang sehat dan lezat,"['jagung', 'nasi merah', 'nasi putih']",gulai ikan healthy ikan jagung nasi merah nasi putih menu gulai ikan healthy yang sehat dan lezat,"jagung, nasi merah, nasi putih"
37,dori sambal ijo,ikan,400,kentang nasi merah nasi putih,ikan dori bumbu sambal ijo pedas nikmat,"['kentang', 'nasi merah', 'nasi putih']",dori sambal ijo ikan kentang nasi merah nasi putih ikan dori bumbu sambal ijo pedas nikmat,"kentang, nasi merah, nasi putih"
70,chicken ball blackpepper,ayam,395,jagung nasi merah nasi putih,bola ayam saus lada hitam lauk tahu kukus,"['jagung', 'nasi merah', 'nasi putih']",chicken ball blackpepper ayam jagung nasi merah nasi putih bola ayam saus lada hitam lauk tahu kukus,"jagung, nasi merah, nasi putih"
224,sapi cabe garam bowl,sapi,430,jagung nasi merah nasi putih,menu sapi cabe garam bowl yang sehat dan lezat,"['jagung', 'nasi merah', 'nasi putih']",sapi cabe garam bowl sapi jagung nasi merah nasi putih menu sapi cabe garam bowl yang sehat dan lezat,"jagung, nasi merah, nasi putih"
408,spaghetti ayam geprek special,ayam,523,red grain rice,menu spaghetti ayam geprek special ala yellow fit kitchen rendah kalori dan bergizi,['nasi merah'],spaghetti ayam geprek special ayam red grain rice menu spaghetti ayam geprek special ala yellow fit kitchen rendah kalori dan bergizi,nasi merah
396,hamburg steak saus teriyaki,sapi,537,red grain rice,menu hamburg steak saus teriyaki ala yellow fit kitchen rendah kalori dan bergizi,['nasi merah'],hamburg steak saus teriyaki sapi red grain rice menu hamburg steak saus teriyaki ala yellow fit kitchen rendah kalori dan bergizi,nasi merah
56,chicken patty crispy,ayam,390,jagung nasi merah nasi putih,patty ayam renyah disajikan dengan salad sayur,"['jagung', 'nasi merah', 'nasi putih']",chicken patty crispy ayam jagung nasi merah nasi putih patty ayam renyah disajikan dengan salad sayur,"jagung, nasi merah, nasi putih"
389,pizza fit chef s choice,lainnya,533,nasi hitam,menu pizza fit chef s choice ala yellow fit kitchen rendah kalori dan bergizi,['nasi hitam'],pizza fit chef s choice lainnya nasi hitam menu pizza fit chef s choice ala yellow fit kitchen rendah kalori dan bergizi,nasi hitam
161,pasta aglio eolio dori stick diet,ikan,395,kentang ubi nasi merah nasi putih,menu pasta aglio eolio dori stick diet yang sehat dan lezat,"['kentang', 'ubi', 'nasi merah', 'nasi putih']",pasta aglio eolio dori stick diet ikan kentang ubi nasi merah nasi putih menu pasta aglio eolio dori stick diet yang sehat dan lezat,"kentang, ubi, nasi merah, nasi putih"
331,mac diet panas special deluxe,lainnya,526,nasi coklat,menu mac diet panas special deluxe ala yellow fit kitchen rendah kalori dan bergizi,['nasi merah'],mac diet panas special deluxe lainnya nasi coklat menu mac diet panas special deluxe ala yellow fit kitchen rendah kalori dan bergizi,nasi merah
263,chicken blackpepper healthy,ayam,449,jagung nasi merah kentang,menu chicken blackpepper healthy yang sehat dan lezat,"['jagung', 'nasi merah', 'kentang']",chicken blackpepper healthy ayam jagung nasi merah kentang menu chicken blackpepper healthy yang sehat dan lezat,"jagung, nasi merah, kentang"
118,tumis ayam brokoli,ayam,390,jagung nasi merah nasi putih,tumis ayam dan brokoli menu sehat klasik,"['jagung', 'nasi merah', 'nasi putih']",tumis ayam brokoli ayam jagung nasi merah nasi putih tumis ayam dan brokoli menu sehat klasik,"jagung, nasi merah, nasi putih"
191,chicken sandwich box,ayam,418,kentang ubi nasi merah nasi putih,menu chicken sandwich box yang sehat dan lezat,"['kentang', 'ubi', 'nasi merah', 'nasi putih']",chicken sandwich box ayam kentang ubi nasi merah nasi putih menu chicken sandwich box yang sehat dan lezat,"kentang, ubi, nasi merah, nasi putih"
73,dori cabai garam,ikan,395,jagung nasi merah nasi putih,ikan dori tumis cabai garam pedas gurih,"['jagung', 'nasi merah', 'nasi putih']",dori cabai garam ikan jagung nasi merah nasi putih ikan dori tumis cabai garam pedas gurih,"jagung, nasi merah, nasi putih"
66,dori katsu saus asam manis,ikan,390,jagung nasi merah nasi putih,katsu ikan dori saus asam manis lauk sayur sop,"['jagung', 'nasi merah', 'nasi putih']",dori katsu saus asam manis ikan jagung nasi merah nasi putih katsu ikan dori saus asam manis lauk sayur sop,"jagung, nasi merah, nasi putih"
40,cah brokoli ayam,ayam,395,jagung nasi merah nasi putih,tumis brokoli segar ayam cincang lauk telur,"['jagung', 'nasi merah', 'nasi putih']",cah brokoli ayam ayam jagung nasi merah nasi putih tumis brokoli segar ayam cincang lauk telur,"jagung, nasi merah, nasi putih"
221,dori cabe garam bowl,ikan,436,jagung nasi merah nasi putih,menu dori cabe garam bowl yang sehat dan lezat,"['jagung', 'nasi merah', 'nasi putih']",dori cabe garam bowl ikan jagung nasi merah nasi putih menu dori cabe garam bowl yang sehat dan lezat,"jagung, nasi merah, nasi putih"
439,ayam goreng kunyit deluxe,ayam,525,garlic rice,menu ayam goreng kunyit deluxe ala yellow fit kitchen rendah kalori dan bergizi,['nasi putih'],ayam goreng kunyit deluxe ayam garlic rice menu ayam goreng kunyit deluxe ala yellow fit kitchen rendah kalori dan bergizi,nasi putih
100,tumis ayam paprika,ayam,400,kentang nasi merah nasi putih,ayam tumis paprika lauk tahu kukus sayur kukus,"['kentang', 'nasi merah', 'nasi putih']",tumis ayam paprika ayam kentang nasi merah nasi putih ayam tumis paprika lauk tahu kukus sayur kukus,"kentang, nasi merah, nasi putih"
279,dori oat saus wijen premium,ikan,398,jagung nasi merah nasi putih,menu dori oat saus wijen premium yang sehat dan lezat,"['jagung', 'nasi merah', 'nasi putih']",dori oat saus wijen premium ikan jagung nasi merah nasi putih menu dori oat saus wijen premium yang sehat dan lezat,"jagung, nasi merah, nasi putih"
15,soto bandung,sapi,400,kentang nasi merah nasi putih,soto daging sapi kuah bening khas bandung,"['kentang', 'nasi merah', 'nasi putih']",soto bandung sapi kentang nasi merah nasi putih soto daging sapi kuah bening khas bandung,"kentang, nasi merah, nasi putih"
136,sei sapi box,sapi,355,jagung nasi merah kentang,menu sei sapi box yang sehat dan lezat,"['jagung', 'nasi merah', 'kentang']",sei sapi box sapi jagung nasi merah kentang menu sei sapi box yang sehat dan lezat,"jagung, nasi merah, kentang"
147,konsumsi dada ayam healthy,ayam,436,jagung nasi merah kentang,menu konsumsi dada ayam healthy yang sehat dan lezat,"['jagung', 'nasi merah', 'kentang']",konsumsi dada ayam healthy ayam jagung nasi merah kentang menu konsumsi dada ayam healthy yang sehat dan lezat,"jagung, nasi merah, kentang"
113,gulai ikan,ikan,400,kentang nasi merah nasi putih,gulai ikan tanpa santan sayur kukus lauk tempe,"['kentang', 'nasi merah', 'nasi putih']",gulai ikan ikan kentang nasi merah nasi putih gulai ikan tanpa santan sayur kukus lauk tempe,"kentang, nasi merah, nasi putih"
323,opor susu legenda special,lainnya,511,nasi merah,menu opor susu legenda special ala yellow fit kitchen rendah kalori dan bergizi,['nasi merah'],opor susu legenda special lainnya nasi merah menu opor susu legenda special ala yellow fit kitchen rendah kalori dan bergizi,nasi merah
82,bola daging saus lada hitam,sapi,395,jagung nasi merah nasi putih,bola daging sapi saus lada hitam disajikan salad,"['jagung', 'nasi merah', 'nasi putih']",bola daging saus lada hitam sapi jagung nasi merah nasi putih bola daging sapi saus lada hitam disajikan salad,"jagung, nasi merah, nasi putih"
192,dori popcorn premium,ikan,436,kentang ubi nasi merah nasi putih,menu dori popcorn premium yang sehat dan lezat,"['kentang', 'ubi', 'nasi merah', 'nasi putih']",dori popcorn premium ikan kentang ubi nasi merah nasi putih menu dori popcorn premium yang sehat dan lezat,"kentang, ubi, nasi merah, nasi putih"
407,baked fish mozaru special,ikan,530,pasta,menu baked fish mozaru special ala yellow fit kitchen rendah kalori dan bergizi,['pasta'],baked fish mozaru special ikan pasta menu baked fish mozaru special ala yellow fit kitchen rendah kalori dan bergizi,pasta
330,beef short ribs rendang special,sapi,522,garlic rice,menu beef short ribs rendang special ala yellow fit kitchen rendah kalori dan bergizi,['nasi putih'],beef short ribs rendang special sapi garlic rice menu beef short ribs rendang special ala yellow fit kitchen rendah kalori dan bergizi,nasi putih
275,baked chicken honey premium,ayam,362,kentang nasi merah nasi putih,menu baked chicken honey premium yang sehat dan lezat,"['kentang', 'nasi merah', 'nasi putih']",baked chicken honey premium ayam kentang nasi merah nasi putih menu baked chicken honey premium yang sehat dan lezat,"kentang, nasi merah, nasi putih"
415,udang saus blackpepper chef s choice,ikan,512,nasi hitam,menu udang saus blackpepper chef s choice ala yellow fit kitchen rendah kalori dan bergizi,['nasi hitam'],udang saus blackpepper chef s choice ikan nasi hitam menu udang saus blackpepper chef s choice ala yellow fit kitchen rendah kalori dan bergizi,nasi hitam
422,bakwan sayur healthy,lainnya,530,red grain rice,menu bakwan sayur healthy ala yellow fit kitchen rendah kalori dan bergizi,['nasi merah'],bakwan sayur healthy lainnya red grain rice menu bakwan sayur healthy ala yellow fit kitchen rendah kalori dan bergizi,nasi merah
297,sei sapi with lemonilo premium,sapi,427,kentang ubi nasi merah nasi putih,menu sei sapi with lemonilo premium yang sehat dan lezat,"['kentang', 'ubi', 'nasi merah', 'nasi putih']",sei sapi with lemonilo premium sapi kentang ubi nasi merah nasi putih menu sei sapi with lemonilo premium yang sehat dan lezat,"kentang, ubi, nasi merah, nasi putih"
215,chicken karage saus korea lengkap,ayam,379,kentang nasi merah nasi putih,menu chicken karage saus korea lengkap yang sehat dan lezat,"['kentang', 'nasi merah', 'nasi putih']",chicken karage saus korea lengkap ayam kentang nasi merah nasi putih menu chicken karage saus korea lengkap yang sehat dan lezat,"kentang, nasi merah, nasi putih"
254,chicken tomyum healthy,ayam,379,kentang ubi nasi merah nasi putih,menu chicken tomyum healthy yang sehat dan lezat,"['kentang', 'ubi', 'nasi merah', 'nasi putih']",chicken tomyum healthy ayam kentang ubi nasi merah nasi putih menu chicken tomyum healthy yang sehat dan lezat,"kentang, ubi, nasi merah, nasi putih"
149,brown rice ce apple tea saldo gopay diet,lainnya,429,kentang ubi nasi merah nasi putih,menu brown rice ce apple tea saldo gopay diet yang sehat dan lezat,"['kentang', 'ubi', 'nasi merah', 'nasi putih']",brown rice ce apple tea saldo gopay diet lainnya kentang ubi nasi merah nasi putih menu brown rice ce apple tea saldo gopay diet yang sehat dan lezat,"kentang, ubi, nasi merah, nasi putih"
194,chicken crispy saus barbeque lengkap,ayam,427,kentang nasi merah nasi putih,menu chicken crispy saus barbeque lengkap yang sehat dan lezat,"['kentang', 'nasi merah', 'nasi putih']",chicken crispy saus barbeque lengkap ayam kentang nasi merah nasi putih menu chicken crispy saus barbeque lengkap yang sehat dan lezat,"kentang, nasi merah, nasi putih"
238,chicken honey healthy,ayam,364,kentang nasi merah nasi putih,menu chicken honey healthy yang sehat dan lezat,"['kentang', 'nasi merah', 'nasi putih']",chicken honey healthy ayam kentang nasi merah nasi putih menu chicken honey healthy yang sehat dan lezat,"kentang, nasi merah, nasi putih"
449,indonesian beef bakso signature,sapi,481,nasi coklat,menu indonesian beef bakso signature ala yellow fit kitchen rendah kalori dan bergizi,['nasi merah'],indonesian beef bakso signature sapi nasi coklat menu indonesian beef bakso signature ala yellow fit kitchen rendah kalori dan bergizi,nasi merah
302,healthy japanese sushi roll,lainnya,546,nasi coklat,menu healthy japanese sushi roll ala yellow fit kitchen rendah kalori dan bergizi,['nasi merah'],healthy japanese sushi roll lainnya nasi coklat menu healthy japanese sushi roll ala yellow fit kitchen rendah kalori dan bergizi,nasi merah
262,ayam maranggi spesial,ayam,434,jagung nasi merah nasi putih,menu ayam maranggi spesial yang sehat dan lezat,"['jagung', 'nasi merah', 'nasi putih']",ayam maranggi spesial ayam jagung nasi merah nasi putih menu ayam maranggi spesial yang sehat dan lezat,"jagung, nasi merah, nasi putih"
427,chicken truffle meatballs yellowfit,ayam,511,nasi kuning,menu chicken truffle meatballs yellowfit ala yellow fit kitchen rendah kalori dan bergizi,['nasi kuning'],chicken truffle meatballs yellowfit ayam nasi kuning menu chicken truffle meatballs yellowfit ala yellow fit kitchen rendah kalori dan bergizi,nasi kuning
234,baked chicken honey premium,ayam,418,kentang nasi merah nasi putih,menu baked chicken honey premium yang sehat dan lezat,"['kentang', 'nasi merah', 'nasi putih']",baked chicken honey premium ayam kentang nasi merah nasi putih menu baked chicken honey premium yang sehat dan lezat,"kentang, nasi merah, nasi putih"
386,ayam goreng kunyit signature,ayam,525,garlic rice,menu ayam goreng kunyit signature ala yellow fit kitchen rendah kalori dan bergizi,['nasi putih'],ayam goreng kunyit signature ayam garlic rice menu ayam goreng kunyit signature ala yellow fit kitchen rendah kalori dan bergizi,nasi putih
295,soto ayam spesial spesial,ayam,351,kentang nasi merah nasi putih,menu soto ayam spesial spesial yang sehat dan lezat,"['kentang', 'nasi merah', 'nasi putih']",soto ayam spesial spesial ayam kentang nasi merah nasi putih menu soto ayam spesial spesial yang sehat dan lezat,"kentang, nasi merah, nasi putih"
139,grilled chicken 400 keal premium,ayam,356,kentang nasi merah nasi putih,menu grilled chicken 400 keal premium yang sehat dan lezat,"['kentang', 'nasi merah', 'nasi putih']",grilled chicken 400 keal premium ayam kentang nasi merah nasi putih menu grilled chicken 400 keal premium yang sehat dan lezat,"kentang, nasi merah, nasi putih"
156,ayam maranggi bowl,ayam,405,kentang ubi nasi merah nasi putih,menu ayam maranggi bowl yang sehat dan lezat,"['kentang', 'ubi', 'nasi merah', 'nasi putih']",ayam maranggi bowl ayam kentang ubi nasi merah nasi putih menu ayam maranggi bowl yang sehat dan lezat,"kentang, ubi, nasi merah, nasi putih"
388,ayam asam manis healthy deluxe,ayam,532,nasi hitam,menu ayam asam manis healthy deluxe ala yellow fit kitchen rendah kalori dan bergizi,['nasi hitam'],ayam asam manis healthy deluxe ayam nasi hitam menu ayam asam manis healthy deluxe ala yellow fit kitchen rendah kalori dan bergizi,nasi hitam
363,indonesian beef bakso supreme,sapi,541,nasi kuning,menu indonesian beef bakso supreme ala yellow fit kitchen rendah kalori dan bergizi,['nasi kuning'],indonesian beef bakso supreme sapi nasi kuning menu indonesian beef bakso supreme ala yellow fit kitchen rendah kalori dan bergizi,nasi kuning
233,tumis ayam paprika box,ayam,434,kentang nasi merah nasi putih,menu tumis ayam paprika box yang sehat dan lezat,"['kentang', 'nasi merah', 'nasi putih']",tumis ayam paprika box ayam kentang nasi merah nasi putih menu tumis ayam paprika box yang sehat dan lezat,"kentang, nasi merah, nasi putih"
251,fish stick saus korea diet,ikan,436,jagung nasi merah nasi putih,menu fish stick saus korea diet yang sehat dan lezat,"['jagung', 'nasi merah', 'nasi putih']",fish stick saus korea diet ikan jagung nasi merah nasi putih menu fish stick saus korea diet yang sehat dan lezat,"jagung, nasi merah, nasi putih"
102,brokoli sapi lada hitam,sapi,400,jagung ubi nasi merah nasi putih,tumis brokoli sapi lada hitam sayuran kukus,"['jagung', 'ubi', 'nasi merah', 'nasi putih']",brokoli sapi lada hitam sapi jagung ubi nasi merah nasi putih tumis brokoli sapi lada hitam sayuran kukus,"jagung, ubi, nasi merah, nasi putih"
180,chicken blackpepper healthy,ayam,391,jagung nasi merah nasi putih,menu chicken blackpepper healthy yang sehat dan lezat,"['jagung', 'nasi merah', 'nasi putih']",chicken blackpepper healthy ayam jagung nasi merah nasi putih menu chicken blackpepper healthy yang sehat dan lezat,"jagung, nasi merah, nasi putih"
242,beef tofu teriyaki lengkap,sapi,437,jagung nasi merah nasi putih,menu beef tofu teriyaki lengkap yang sehat dan lezat,"['jagung', 'nasi merah', 'nasi putih']",beef tofu teriyaki lengkap sapi jagung nasi merah nasi putih menu beef tofu teriyaki lengkap yang sehat dan lezat,"jagung, nasi merah, nasi putih"
274,chicken honey healthy,ayam,360,kentang ubi nasi merah nasi putih,menu chicken honey healthy yang sehat dan lezat,"['kentang', 'ubi', 'nasi merah', 'nasi putih']",chicken honey healthy ayam kentang ubi nasi merah nasi putih menu chicken honey healthy yang sehat dan lezat,"kentang, ubi, nasi merah, nasi putih"
375,ayam betutu sambal matah deluxe,ayam,542,pasta,menu ayam betutu sambal matah deluxe ala yellow fit kitchen rendah kalori dan bergizi,['pasta'],ayam betutu sambal matah deluxe ayam pasta menu ayam betutu sambal matah deluxe ala yellow fit kitchen rendah kalori dan bergizi,pasta
310,chicken soy garlic yangnyeom supreme,ayam,544,nasi merah,menu chicken soy garlic yangnyeom supreme ala yellow fit kitchen rendah kalori dan bergizi,['nasi merah'],chicken soy garlic yangnyeom supreme ayam nasi merah menu chicken soy garlic yangnyeom supreme ala yellow fit kitchen rendah kalori dan bergizi,nasi merah
33,ayam maranggi,ayam,400,kentang nasi merah nasi putih,sate ayam maranggi tanpa tusuk bumbu rempah,"['kentang', 'nasi merah', 'nasi putih']",ayam maranggi ayam kentang nasi merah nasi putih sate ayam maranggi tanpa tusuk bumbu rempah,"kentang, nasi merah, nasi putih"
342,healthy oseng mercon sapi chef s choice,sapi,524,nasi merah,menu healthy oseng mercon sapi chef s choice ala yellow fit kitchen rendah kalori dan bergizi,['nasi merah'],healthy oseng mercon sapi chef s choice sapi nasi merah menu healthy oseng mercon sapi chef s choice ala yellow fit kitchen rendah kalori dan bergizi,nasi merah
253,dori salted egg diet,ikan,423,kentang ubi nasi merah nasi putih,menu dori salted egg diet yang sehat dan lezat,"['kentang', 'ubi', 'nasi merah', 'nasi putih']",dori salted egg diet ikan kentang ubi nasi merah nasi putih menu dori salted egg diet yang sehat dan lezat,"kentang, ubi, nasi merah, nasi putih"
300,fish stick saus wijen premium,ikan,360,jagung nasi merah nasi putih,menu fish stick saus wijen premium yang sehat dan lezat,"['jagung', 'nasi merah', 'nasi putih']",fish stick saus wijen premium ikan jagung nasi merah nasi putih menu fish stick saus wijen premium yang sehat dan lezat,"jagung, nasi merah, nasi putih"
309,khao soi noodle supreme,lainnya,471,jagung,menu khao soi noodle supreme ala yellow fit kitchen rendah kalori dan bergizi,['jagung'],khao soi noodle supreme lainnya jagung menu khao soi noodle supreme ala yellow fit kitchen rendah kalori dan bergizi,jagung
120,dori oat saus wijen,ikan,400,jagung ubi nasi merah nasi putih,ikan dori balut oat saus wijen gurih sayur kukus,"['jagung', 'ubi', 'nasi merah', 'nasi putih']",dori oat saus wijen ikan jagung ubi nasi merah nasi putih ikan dori balut oat saus wijen gurih sayur kukus,"jagung, ubi, nasi merah, nasi putih"
319,hamburg steak saus teriyaki,sapi,546,garlic rice,menu hamburg steak saus teriyaki ala yellow fit kitchen rendah kalori dan bergizi,['nasi putih'],hamburg steak saus teriyaki sapi garlic rice menu hamburg steak saus teriyaki ala yellow fit kitchen rendah kalori dan bergizi,nasi putih
246,grilled chicken dietgo healthy,ayam,425,jagung nasi merah nasi putih,menu grilled chicken dietgo healthy yang sehat dan lezat,"['jagung', 'nasi merah', 'nasi putih']",grilled chicken dietgo healthy ayam jagung nasi merah nasi putih menu grilled chicken dietgo healthy yang sehat dan lezat,"jagung, nasi merah, nasi putih"
267,sapi cabe garam bowl,sapi,373,kentang nasi merah nasi putih,menu sapi cabe garam bowl yang sehat dan lezat,"['kentang', 'nasi merah', 'nasi putih']",sapi cabe garam bowl sapi kentang nasi merah nasi putih menu sapi cabe garam bowl yang sehat dan lezat,"kentang, nasi merah, nasi putih"
126,pangsit ayam kuah,ayam,395,kentang nasi merah nasi putih,pangsit ayam rebus kuah kaldu bakso ayam,"['kentang', 'nasi merah', 'nasi putih']",pangsit ayam kuah ayam kentang nasi merah nasi putih pangsit ayam rebus kuah kaldu bakso ayam,"kentang, nasi merah, nasi putih"
129,dori chips saus asam manis,ikan,400,kentang nasi merah nasi putih,keping dori renyah saus asam manis tumis sayur,"['kentang', 'nasi merah', 'nasi putih']",dori chips saus asam manis ikan kentang nasi merah nasi putih keping dori renyah saus asam manis tumis sayur,"kentang, nasi merah, nasi putih"
135,chicken potatoes bowl,ayam,380,kentang ubi nasi merah nasi putih,menu chicken potatoes bowl yang sehat dan lezat,"['kentang', 'ubi', 'nasi merah', 'nasi putih']",chicken potatoes bowl ayam kentang ubi nasi merah nasi putih menu chicken potatoes bowl yang sehat dan lezat,"kentang, ubi, nasi merah, nasi putih"
284,chicken ball blackpepper box,ayam,449,jagung nasi merah nasi putih,menu chicken ball blackpepper box yang sehat dan lezat,"['jagung', 'nasi merah', 'nasi putih']",chicken ball blackpepper box ayam jagung nasi merah nasi putih menu chicken ball blackpepper box yang sehat dan lezat,"jagung, nasi merah, nasi putih"
174,soto betawi tanpa santan premium,sapi,359,kentang ubi nasi merah nasi putih,menu soto betawi tanpa santan premium yang sehat dan lezat,"['kentang', 'ubi', 'nasi merah', 'nasi putih']",soto betawi tanpa santan premium sapi kentang ubi nasi merah nasi putih menu soto betawi tanpa santan premium yang sehat dan lezat,"kentang, ubi, nasi merah, nasi putih"
175,chicken blackpepper egg tortila lengkap,ayam,390,kentang ubi nasi merah nasi putih,menu chicken blackpepper egg tortila lengkap yang sehat dan lezat,"['kentang', 'ubi', 'nasi merah', 'nasi putih']",chicken blackpepper egg tortila lengkap ayam kentang ubi nasi merah nasi putih menu chicken blackpepper egg tortila lengkap yang sehat dan lezat,"kentang, ubi, nasi merah, nasi putih"
96,scotch egg,lainnya,390,jagung ubi nasi merah nasi putih,telur balut daging disajikan dengan salad sayur,"['jagung', 'ubi', 'nasi merah', 'nasi putih']",scotch egg lainnya jagung ubi nasi merah nasi putih telur balut daging disajikan dengan salad sayur,"jagung, ubi, nasi merah, nasi putih"
201,fish stick saus wijen premium,ikan,369,jagung nasi merah nasi putih,menu fish stick saus wijen premium yang sehat dan lezat,"['jagung', 'nasi merah', 'nasi putih']",fish stick saus wijen premium ikan jagung nasi merah nasi putih menu fish stick saus wijen premium yang sehat dan lezat,"jagung, nasi merah, nasi putih"
213,soto ayam spesial diet,ayam,430,kentang nasi merah nasi putih,menu soto ayam spesial diet yang sehat dan lezat,"['kentang', 'nasi merah', 'nasi putih']",soto ayam spesial diet ayam kentang nasi merah nasi putih menu soto ayam spesial diet yang sehat dan lezat,"kentang, nasi merah, nasi putih"
255,with brown rice box,lainnya,418,jagung nasi merah nasi putih,menu with brown rice box yang sehat dan lezat,"['jagung', 'nasi merah', 'nasi putih']",with brown rice box lainnya jagung nasi merah nasi putih menu with brown rice box yang sehat dan lezat,"jagung, nasi merah, nasi putih"
235,sei sapi with brown rice spesial,sapi,395,kentang nasi merah nasi putih,menu sei sapi with brown rice spesial yang sehat dan lezat,"['kentang', 'nasi merah', 'nasi putih']",sei sapi with brown rice spesial sapi kentang nasi merah nasi putih menu sei sapi with brown rice spesial yang sehat dan lezat,"kentang, nasi merah, nasi putih"
60,longbun with chicken blackpepper,ayam,400,,roti gandum ayam lada hitam disajikan dengan salad,[],longbun with chicken blackpepper ayam roti gandum ayam lada hitam disajikan dengan salad,
405,mac diet panas special special,lainnya,527,nasi merah,menu mac diet panas special special ala yellow fit kitchen rendah kalori dan bergizi,['nasi merah'],mac diet panas special special lainnya nasi merah menu mac diet panas special special ala yellow fit kitchen rendah kalori dan bergizi,nasi merah
256,chicken patty crispy bowl,ayam,449,jagung nasi merah nasi putih,menu chicken patty crispy bowl yang sehat dan lezat,"['jagung', 'nasi merah', 'nasi putih']",chicken patty crispy bowl ayam jagung nasi merah nasi putih menu chicken patty crispy bowl yang sehat dan lezat,"jagung, nasi merah, nasi putih"
35,dori katsu,ikan,395,jagung nasi merah nasi putih,katsu ikan dori renyah pilihan tumis atau salad,"['jagung', 'nasi merah', 'nasi putih']",dori katsu ikan jagung nasi merah nasi putih katsu ikan dori renyah pilihan tumis atau salad,"jagung, nasi merah, nasi putih"
101,rendang ayam,ayam,400,kentang nasi merah nasi putih,rendang ayam tanpa santan tumis sayur lauk tempe,"['kentang', 'nasi merah', 'nasi putih']",rendang ayam ayam kentang nasi merah nasi putih rendang ayam tanpa santan tumis sayur lauk tempe,"kentang, nasi merah, nasi putih"
177,ayam serundeng sambal korek lengkap,ayam,418,kentang ubi nasi merah nasi putih,menu ayam serundeng sambal korek lengkap yang sehat dan lezat,"['kentang', 'ubi', 'nasi merah', 'nasi putih']",ayam serundeng sambal korek lengkap ayam kentang ubi nasi merah nasi putih menu ayam serundeng sambal korek lengkap yang sehat dan lezat,"kentang, ubi, nasi merah, nasi putih"
57,chicken tomyum,ayam,395,kentang nasi merah nasi putih,ayam kuah tomyum asam pedas segar lauk telur rebus,"['kentang', 'nasi merah', 'nasi putih']",chicken tomyum ayam kentang nasi merah nasi putih ayam kuah tomyum asam pedas segar lauk telur rebus,"kentang, nasi merah, nasi putih"
226,dori katsu lengkap,ikan,373,kentang nasi merah nasi putih,menu dori katsu lengkap yang sehat dan lezat,"['kentang', 'nasi merah', 'nasi putih']",dori katsu lengkap ikan kentang nasi merah nasi putih menu dori katsu lengkap yang sehat dan lezat,"kentang, nasi merah, nasi putih"
308,ayam goreng kunyit yellowfit,ayam,517,jagung,menu ayam goreng kunyit yellowfit ala yellow fit kitchen rendah kalori dan bergizi,['jagung'],ayam goreng kunyit yellowfit ayam jagung menu ayam goreng kunyit yellowfit ala yellow fit kitchen rendah kalori dan bergizi,jagung
107,chicken blackpepper,ayam,400,jagung nasi merah nasi putih,ayam lada hitam sayur tepanyaki telur orak arik,"['jagung', 'nasi merah', 'nasi putih']",chicken blackpepper ayam jagung nasi merah nasi putih ayam lada hitam sayur tepanyaki telur orak arik,"jagung, nasi merah, nasi putih"
23,dori katsu balado,ikan,400,kentang nasi merah nasi putih,katsu ikan dori bumbu balado pedas tidak berminyak,"['kentang', 'nasi merah', 'nasi putih']",dori katsu balado ikan kentang nasi merah nasi putih katsu ikan dori bumbu balado pedas tidak berminyak,"kentang, nasi merah, nasi putih"
20,cah buncis ayam,ayam,395,jagung nasi merah nasi putih,tumis buncis dengan ayam cincang lauk tempe,"['jagung', 'nasi merah', 'nasi putih']",cah buncis ayam ayam jagung nasi merah nasi putih tumis buncis dengan ayam cincang lauk tempe,"jagung, nasi merah, nasi putih"
68,dori stick,ikan,400,,stik ikan dori pasta aglio eolio sayuran kukus,[],dori stick ikan stik ikan dori pasta aglio eolio sayuran kukus,
158,sei sapi with potatoes diet,sapi,419,jagung nasi merah nasi putih,menu sei sapi with potatoes diet yang sehat dan lezat,"['jagung', 'nasi merah', 'nasi putih']",sei sapi with potatoes diet sapi jagung nasi merah nasi putih menu sei sapi with potatoes diet yang sehat dan lezat,"jagung, nasi merah, nasi putih"
54,dori salted egg,ikan,390,kentang ubi nasi merah nasi putih,ikan dori saus telur asin gurih sayuran kukus,"['kentang', 'ubi', 'nasi merah', 'nasi putih']",dori salted egg ikan kentang ubi nasi merah nasi putih ikan dori saus telur asin gurih sayuran kukus,"kentang, ubi, nasi merah, nasi putih"
132,chicken karage saus korea,ayam,395,kentang ubi nasi merah nasi putih,karage ayam panggang saus korea pedas manis,"['kentang', 'ubi', 'nasi merah', 'nasi putih']",chicken karage saus korea ayam kentang ubi nasi merah nasi putih karage ayam panggang saus korea pedas manis,"kentang, ubi, nasi merah, nasi putih"
4,beef yakiniku,sapi,395,jagung nasi merah nasi putih,daging sapi yakiniku tumis sayur saus gurih,"['jagung', 'nasi merah', 'nasi putih']",beef yakiniku sapi jagung nasi merah nasi putih daging sapi yakiniku tumis sayur saus gurih,"jagung, nasi merah, nasi putih"
45,chicken ball woku,ayam,390,kentang nasi merah nasi putih,bola ayam bumbu woku pedas kemangi tumis sayur,"['kentang', 'nasi merah', 'nasi putih']",chicken ball woku ayam kentang nasi merah nasi putih bola ayam bumbu woku pedas kemangi tumis sayur,"kentang, nasi merah, nasi putih"
121,ikan cabe ijo,ikan,400,jagung nasi merah nasi putih,ikan bumbu cabe ijo tumis sayur lauk tahu,"['jagung', 'nasi merah', 'nasi putih']",ikan cabe ijo ikan jagung nasi merah nasi putih ikan bumbu cabe ijo tumis sayur lauk tahu,"jagung, nasi merah, nasi putih"
110,mie ayam sehat spesial,ayam,395,,mie ayam sehat sayuran kukus lauk tahu,[],mie ayam sehat spesial ayam mie ayam sehat sayuran kukus lauk tahu,
21,rolade ayam,ayam,400,kentang nasi merah nasi putih,rolade ayam kukus disajikan dengan sayur sop,"['kentang', 'nasi merah', 'nasi putih']",rolade ayam ayam kentang nasi merah nasi putih rolade ayam kukus disajikan dengan sayur sop,"kentang, nasi merah, nasi putih"
287,grilled chicken dietgo healthy,ayam,395,kentang ubi nasi merah nasi putih,menu grilled chicken dietgo healthy yang sehat dan lezat,"['kentang', 'ubi', 'nasi merah', 'nasi putih']",grilled chicken dietgo healthy ayam kentang ubi nasi merah nasi putih menu grilled chicken dietgo healthy yang sehat dan lezat,"kentang, ubi, nasi merah, nasi putih"
117,sapi cabe garam,sapi,400,kentang nasi merah nasi putih,daging sapi tumis cabe garam lauk tahu tumis sayur,"['kentang', 'nasi merah', 'nasi putih']",sapi cabe garam sapi kentang nasi merah nasi putih daging sapi tumis cabe garam lauk tahu tumis sayur,"kentang, nasi merah, nasi putih"
418,indonesian beef bakso signature,sapi,533,garlic rice,menu indonesian beef bakso signature ala yellow fit kitchen rendah kalori dan bergizi,['nasi putih'],indonesian beef bakso signature sapi garlic rice menu indonesian beef bakso signature ala yellow fit kitchen rendah kalori dan bergizi,nasi putih
47,soto betawi,sapi,400,kentang nasi merah nasi putih,soto betawi kuah bening tanpa santan kaya rempah,"['kentang', 'nasi merah', 'nasi putih']",soto betawi sapi kentang nasi merah nasi putih soto betawi kuah bening tanpa santan kaya rempah,"kentang, nasi merah, nasi putih"
69,rawon surabaya sapi ayam,lainnya,395,kentang nasi merah nasi putih,rawon kuah rempah pilihan sapi atau ayam,"['kentang', 'nasi merah', 'nasi putih']",rawon surabaya sapi ayam lainnya kentang nasi merah nasi putih rawon kuah rempah pilihan sapi atau ayam,"kentang, nasi merah, nasi putih"
146,dori oat saus wijen premium,ikan,423,kentang ubi nasi merah nasi putih,menu dori oat saus wijen premium yang sehat dan lezat,"['kentang', 'ubi', 'nasi merah', 'nasi putih']",dori oat saus wijen premium ikan kentang ubi nasi merah nasi putih menu dori oat saus wijen premium yang sehat dan lezat,"kentang, ubi, nasi merah, nasi putih"
46,egg tortila baked chicken honey,ayam,397,jagung,tortila telur ayam panggang saus madu jagung rebus,['jagung'],egg tortila baked chicken honey ayam jagung tortila telur ayam panggang saus madu jagung rebus,jagung
289,sapi cabe garam lengkap,sapi,423,kentang nasi merah nasi putih,menu sapi cabe garam lengkap yang sehat dan lezat,"['kentang', 'nasi merah', 'nasi putih']",sapi cabe garam lengkap sapi kentang nasi merah nasi putih menu sapi cabe garam lengkap yang sehat dan lezat,"kentang, nasi merah, nasi putih"
259,chicken grill sambal matah lengkap,ayam,359,kentang nasi merah nasi putih,menu chicken grill sambal matah lengkap yang sehat dan lezat,"['kentang', 'nasi merah', 'nasi putih']",chicken grill sambal matah lengkap ayam kentang nasi merah nasi putih menu chicken grill sambal matah lengkap yang sehat dan lezat,"kentang, nasi merah, nasi putih"
152,dori chips saus asam manis lengkap,ikan,398,jagung nasi merah nasi putih,menu dori chips saus asam manis lengkap yang sehat dan lezat,"['jagung', 'nasi merah', 'nasi putih']",dori chips saus asam manis lengkap ikan jagung nasi merah nasi putih menu dori chips saus asam manis lengkap yang sehat dan lezat,"jagung, nasi merah, nasi putih"
322,ayam betutu sambal matah yellowfit,ayam,548,nasi kuning,menu ayam betutu sambal matah yellowfit ala yellow fit kitchen rendah kalori dan bergizi,['nasi kuning'],ayam betutu sambal matah yellowfit ayam nasi kuning menu ayam betutu sambal matah yellowfit ala yellow fit kitchen rendah kalori dan bergizi,nasi kuning
298,chicken herbs grill egg tortila bowl,ayam,419,jagung nasi merah nasi putih,menu chicken herbs grill egg tortila bowl yang sehat dan lezat,"['jagung', 'nasi merah', 'nasi putih']",chicken herbs grill egg tortila bowl ayam jagung nasi merah nasi putih menu chicken herbs grill egg tortila bowl yang sehat dan lezat,"jagung, nasi merah, nasi putih"
312,opor susu legenda deluxe,lainnya,451,garlic rice,menu opor susu legenda deluxe ala yellow fit kitchen rendah kalori dan bergizi,['nasi putih'],opor susu legenda deluxe lainnya garlic rice menu opor susu legenda deluxe ala yellow fit kitchen rendah kalori dan bergizi,nasi putih
205,chicken teriyaki grill healthy,ayam,437,kentang ubi nasi merah nasi putih,menu chicken teriyaki grill healthy yang sehat dan lezat,"['kentang', 'ubi', 'nasi merah', 'nasi putih']",chicken teriyaki grill healthy ayam kentang ubi nasi merah nasi putih menu chicken teriyaki grill healthy yang sehat dan lezat,"kentang, ubi, nasi merah, nasi putih"
122,ayam bakar padang,ayam,400,kentang ubi nasi merah nasi putih,ayam bakar bumbu padang tanpa santan lauk tempe,"['kentang', 'ubi', 'nasi merah', 'nasi putih']",ayam bakar padang ayam kentang ubi nasi merah nasi putih ayam bakar bumbu padang tanpa santan lauk tempe,"kentang, ubi, nasi merah, nasi putih"
16,chicken herbs grill egg tortila,ayam,395,jagung nasi merah nasi putih,ayam panggang bumbu herbal dengan tortila telur,"['jagung', 'nasi merah', 'nasi putih']",chicken herbs grill egg tortila ayam jagung nasi merah nasi putih ayam panggang bumbu herbal dengan tortila telur,"jagung, nasi merah, nasi putih"
157,daging ayam bowl,ayam,395,kentang ubi nasi merah nasi putih,menu daging ayam bowl yang sehat dan lezat,"['kentang', 'ubi', 'nasi merah', 'nasi putih']",daging ayam bowl ayam kentang ubi nasi merah nasi putih menu daging ayam bowl yang sehat dan lezat,"kentang, ubi, nasi merah, nasi putih"
307,ayam goreng kunyit,ayam,509,nasi merah,menu ayam goreng kunyit ala yellow fit kitchen rendah kalori dan bergizi,['nasi merah'],ayam goreng kunyit ayam nasi merah menu ayam goreng kunyit ala yellow fit kitchen rendah kalori dan bergizi,nasi merah
119,soto ayam kuning,ayam,400,kentang nasi merah nasi putih,soto ayam bumbu kuning tanpa santan lauk telur,"['kentang', 'nasi merah', 'nasi putih']",soto ayam kuning ayam kentang nasi merah nasi putih soto ayam bumbu kuning tanpa santan lauk telur,"kentang, nasi merah, nasi putih"
391,chicken egg okonomiyaki special,ayam,518,garlic rice,menu chicken egg okonomiyaki special ala yellow fit kitchen rendah kalori dan bergizi,['nasi putih'],chicken egg okonomiyaki special ayam garlic rice menu chicken egg okonomiyaki special ala yellow fit kitchen rendah kalori dan bergizi,nasi putih
228,ayam cabe ijo lengkap,ayam,369,jagung nasi merah nasi putih,menu ayam cabe ijo lengkap yang sehat dan lezat,"['jagung', 'nasi merah', 'nasi putih']",ayam cabe ijo lengkap ayam jagung nasi merah nasi putih menu ayam cabe ijo lengkap yang sehat dan lezat,"jagung, nasi merah, nasi putih"
210,bola ayam saus asam pedas box,ayam,434,jagung nasi merah nasi putih,menu bola ayam saus asam pedas box yang sehat dan lezat,"['jagung', 'nasi merah', 'nasi putih']",bola ayam saus asam pedas box ayam jagung nasi merah nasi putih menu bola ayam saus asam pedas box yang sehat dan lezat,"jagung, nasi merah, nasi putih"
291,with brown rice healthy,lainnya,368,kentang ubi nasi merah nasi putih,menu with brown rice healthy yang sehat dan lezat,"['kentang', 'ubi', 'nasi merah', 'nasi putih']",with brown rice healthy lainnya kentang ubi nasi merah nasi putih menu with brown rice healthy yang sehat dan lezat,"kentang, ubi, nasi merah, nasi putih"
225,sapi cabe garam lengkap,sapi,434,jagung nasi merah nasi putih,menu sapi cabe garam lengkap yang sehat dan lezat,"['jagung', 'nasi merah', 'nasi putih']",sapi cabe garam lengkap sapi jagung nasi merah nasi putih menu sapi cabe garam lengkap yang sehat dan lezat,"jagung, nasi merah, nasi putih"
7,ayam serundeng,ayam,400,kentang nasi merah nasi putih,ayam bumbu serundeng tumis sayur protein nabati,"['kentang', 'nasi merah', 'nasi putih']",ayam serundeng ayam kentang nasi merah nasi putih ayam bumbu serundeng tumis sayur protein nabati,"kentang, nasi merah, nasi putih"
261,ayam bakar padang spesial,ayam,360,kentang nasi merah nasi putih,menu ayam bakar padang spesial yang sehat dan lezat,"['kentang', 'nasi merah', 'nasi putih']",ayam bakar padang spesial ayam kentang nasi merah nasi putih menu ayam bakar padang spesial yang sehat dan lezat,"kentang, nasi merah, nasi putih"
339,pizza fit chef s choice,lainnya,543,jagung,menu pizza fit chef s choice ala yellow fit kitchen rendah kalori dan bergizi,['jagung'],pizza fit chef s choice lainnya jagung menu pizza fit chef s choice ala yellow fit kitchen rendah kalori dan bergizi,jagung
50,pangsit ayam yamin yahun,ayam,395,,pangsit ayam rebus mie yamin yahun sehat,[],pangsit ayam yamin yahun ayam pangsit ayam rebus mie yamin yahun sehat,
145,rawon surabaya sapi ayam premium,lainnya,417,jagung nasi merah nasi putih,menu rawon surabaya sapi ayam premium yang sehat dan lezat,"['jagung', 'nasi merah', 'nasi putih']",rawon surabaya sapi ayam premium lainnya jagung nasi merah nasi putih menu rawon surabaya sapi ayam premium yang sehat dan lezat,"jagung, nasi merah, nasi putih"
137,grilled chicken with lemonilo healthy,ayam,449,jagung nasi merah kentang,menu grilled chicken with lemonilo healthy yang sehat dan lezat,"['jagung', 'nasi merah', 'kentang']",grilled chicken with lemonilo healthy ayam jagung nasi merah kentang menu grilled chicken with lemonilo healthy yang sehat dan lezat,"jagung, nasi merah, kentang"
324,chicken soy garlic yangnyeom deluxe,ayam,524,red grain rice,menu chicken soy garlic yangnyeom deluxe ala yellow fit kitchen rendah kalori dan bergizi,['nasi merah'],chicken soy garlic yangnyeom deluxe ayam red grain rice menu chicken soy garlic yangnyeom deluxe ala yellow fit kitchen rendah kalori dan bergizi,nasi merah
183,pangsit ayam yamin yahun healthy,ayam,430,kentang nasi merah nasi putih,menu pangsit ayam yamin yahun healthy yang sehat dan lezat,"['kentang', 'nasi merah', 'nasi putih']",pangsit ayam yamin yahun healthy ayam kentang nasi merah nasi putih menu pangsit ayam yamin yahun healthy yang sehat dan lezat,"kentang, nasi merah, nasi putih"
402,thai coconut curry baby corn,lainnya,530,red grain rice,menu thai coconut curry baby corn ala yellow fit kitchen rendah kalori dan bergizi,['nasi merah'],thai coconut curry baby corn lainnya red grain rice menu thai coconut curry baby corn ala yellow fit kitchen rendah kalori dan bergizi,nasi merah
2,sempol ayam grill,ayam,395,kentang ubi nasi merah nasi putih,ayam olahan panggang tinggi protein snack sehat,"['kentang', 'ubi', 'nasi merah', 'nasi putih']",sempol ayam grill ayam kentang ubi nasi merah nasi putih ayam olahan panggang tinggi protein snack sehat,"kentang, ubi, nasi merah, nasi putih"
124,chicken ball crispy,ayam,395,jagung ubi nasi merah nasi putih,bola ayam renyah disajikan dengan salad segar,"['jagung', 'ubi', 'nasi merah', 'nasi putih']",chicken ball crispy ayam jagung ubi nasi merah nasi putih bola ayam renyah disajikan dengan salad segar,"jagung, ubi, nasi merah, nasi putih"
277,grilled chicken with lemonilo healthy,ayam,395,kentang ubi nasi merah nasi putih,menu grilled chicken with lemonilo healthy yang sehat dan lezat,"['kentang', 'ubi', 'nasi merah', 'nasi putih']",grilled chicken with lemonilo healthy ayam kentang ubi nasi merah nasi putih menu grilled chicken with lemonilo healthy yang sehat dan lezat,"kentang, ubi, nasi merah, nasi putih"
125,chicken teriyaki grill,ayam,400,kentang nasi merah nasi putih,ayam panggang teriyaki tumis sayuran,"['kentang', 'nasi merah', 'nasi putih']",chicken teriyaki grill ayam kentang nasi merah nasi putih ayam panggang teriyaki tumis sayuran,"kentang, nasi merah, nasi putih"
346,indonesian beef bakso signature,sapi,518,red grain rice,menu indonesian beef bakso signature ala yellow fit kitchen rendah kalori dan bergizi,['nasi merah'],indonesian beef bakso signature sapi red grain rice menu indonesian beef bakso signature ala yellow fit kitchen rendah kalori dan bergizi,nasi merah
85,soto bandung,sapi,390,kentang nasi merah nasi putih,soto daging kuah bening lobak lauk telur rebus,"['kentang', 'nasi merah', 'nasi putih']",soto bandung sapi kentang nasi merah nasi putih soto daging kuah bening lobak lauk telur rebus,"kentang, nasi merah, nasi putih"
445,cheese buldak chicken yellowfit,ayam,532,garlic rice,menu cheese buldak chicken yellowfit ala yellow fit kitchen rendah kalori dan bergizi,['nasi putih'],cheese buldak chicken yellowfit ayam garlic rice menu cheese buldak chicken yellowfit ala yellow fit kitchen rendah kalori dan bergizi,nasi putih
8,dori saus mentega,ikan,395,ubi nasi merah nasi putih,ikan dori lembut saus mentega gurih tidak pedas,"['ubi', 'nasi merah', 'nasi putih']",dori saus mentega ikan ubi nasi merah nasi putih ikan dori lembut saus mentega gurih tidak pedas,"ubi, nasi merah, nasi putih"
288,pasta aglio eolio dori stick diet,ikan,428,jagung nasi merah nasi putih,menu pasta aglio eolio dori stick diet yang sehat dan lezat,"['jagung', 'nasi merah', 'nasi putih']",pasta aglio eolio dori stick diet ikan jagung nasi merah nasi putih menu pasta aglio eolio dori stick diet yang sehat dan lezat,"jagung, nasi merah, nasi putih"
187,sei sapi diet,sapi,355,jagung nasi merah nasi putih,menu sei sapi diet yang sehat dan lezat,"['jagung', 'nasi merah', 'nasi putih']",sei sapi diet sapi jagung nasi merah nasi putih menu sei sapi diet yang sehat dan lezat,"jagung, nasi merah, nasi putih"
6,chicken teriyaki grill,ayam,395,jagung ubi nasi merah nasi putih,ayam panggang saus teriyaki tanpa santan,"['jagung', 'ubi', 'nasi merah', 'nasi putih']",chicken teriyaki grill ayam jagung ubi nasi merah nasi putih ayam panggang saus teriyaki tanpa santan,"jagung, ubi, nasi merah, nasi putih"
434,torikatsu chicken ramen special,ayam,544,nasi hitam,menu torikatsu chicken ramen special ala yellow fit kitchen rendah kalori dan bergizi,['nasi hitam'],torikatsu chicken ramen special ayam nasi hitam menu torikatsu chicken ramen special ala yellow fit kitchen rendah kalori dan bergizi,nasi hitam
351,thai coconut curry baby corn,lainnya,520,nasi coklat,menu thai coconut curry baby corn ala yellow fit kitchen rendah kalori dan bergizi,['nasi merah'],thai coconut curry baby corn lainnya nasi coklat menu thai coconut curry baby corn ala yellow fit kitchen rendah kalori dan bergizi,nasi merah
367,soto betawi ayam deluxe,ayam,532,garlic rice,menu soto betawi ayam deluxe ala yellow fit kitchen rendah kalori dan bergizi,['nasi putih'],soto betawi ayam deluxe ayam garlic rice menu soto betawi ayam deluxe ala yellow fit kitchen rendah kalori dan bergizi,nasi putih
353,indonesian beef bakso special,sapi,543,red grain rice,menu indonesian beef bakso special ala yellow fit kitchen rendah kalori dan bergizi,['nasi merah'],indonesian beef bakso special sapi red grain rice menu indonesian beef bakso special ala yellow fit kitchen rendah kalori dan bergizi,nasi merah
116,sempol ayam grill,ayam,390,jagung ubi nasi merah nasi putih,sempol ayam panggang rendah minyak sayur kukus,"['jagung', 'ubi', 'nasi merah', 'nasi putih']",sempol ayam grill ayam jagung ubi nasi merah nasi putih sempol ayam panggang rendah minyak sayur kukus,"jagung, ubi, nasi merah, nasi putih"
151,ayam saus mentega diet,ayam,434,kentang nasi merah nasi putih,menu ayam saus mentega diet yang sehat dan lezat,"['kentang', 'nasi merah', 'nasi putih']",ayam saus mentega diet ayam kentang nasi merah nasi putih menu ayam saus mentega diet yang sehat dan lezat,"kentang, nasi merah, nasi putih"
53,ayam bakar,ayam,390,jagung nasi merah nasi putih,ayam bakar bumbu kecap tumis sayur lauk tempe,"['jagung', 'nasi merah', 'nasi putih']",ayam bakar ayam jagung nasi merah nasi putih ayam bakar bumbu kecap tumis sayur lauk tempe,"jagung, nasi merah, nasi putih"
230,dori sambal ijo box,ikan,368,jagung nasi merah nasi putih,menu dori sambal ijo box yang sehat dan lezat,"['jagung', 'nasi merah', 'nasi putih']",dori sambal ijo box ikan jagung nasi merah nasi putih menu dori sambal ijo box yang sehat dan lezat,"jagung, nasi merah, nasi putih"
14,cah tahu sapi,sapi,395,jagung nasi merah nasi putih,tumis tahu dan daging sapi cincang protein seimbang,"['jagung', 'nasi merah', 'nasi putih']",cah tahu sapi sapi jagung nasi merah nasi putih tumis tahu dan daging sapi cincang protein seimbang,"jagung, nasi merah, nasi putih"
123,rawon surabaya,sapi,400,kentang nasi merah nasi putih,daging rawon kuah rempah sayur kukus lauk telur,"['kentang', 'nasi merah', 'nasi putih']",rawon surabaya sapi kentang nasi merah nasi putih daging rawon kuah rempah sayur kukus lauk telur,"kentang, nasi merah, nasi putih"
376,beef short ribs rendang yellowfit,sapi,519,red grain rice,menu beef short ribs rendang yellowfit ala yellow fit kitchen rendah kalori dan bergizi,['nasi merah'],beef short ribs rendang yellowfit sapi red grain rice menu beef short ribs rendang yellowfit ala yellow fit kitchen rendah kalori dan bergizi,nasi merah
231,chicken grill sambal matah healthy,ayam,379,jagung nasi merah nasi putih,menu chicken grill sambal matah healthy yang sehat dan lezat,"['jagung', 'nasi merah', 'nasi putih']",chicken grill sambal matah healthy ayam jagung nasi merah nasi putih menu chicken grill sambal matah healthy yang sehat dan lezat,"jagung, nasi merah, nasi putih"
306,pizza fit,lainnya,527,pasta,menu pizza fit ala yellow fit kitchen rendah kalori dan bergizi,['pasta'],pizza fit lainnya pasta menu pizza fit ala yellow fit kitchen rendah kalori dan bergizi,pasta
286,dori katsu balado premium,ikan,436,jagung nasi merah nasi putih,menu dori katsu balado premium yang sehat dan lezat,"['jagung', 'nasi merah', 'nasi putih']",dori katsu balado premium ikan jagung nasi merah nasi putih menu dori katsu balado premium yang sehat dan lezat,"jagung, nasi merah, nasi putih"
337,udang saus blackpepper chef s choice,ikan,543,pasta,menu udang saus blackpepper chef s choice ala yellow fit kitchen rendah kalori dan bergizi,['pasta'],udang saus blackpepper chef s choice ikan pasta menu udang saus blackpepper chef s choice ala yellow fit kitchen rendah kalori dan bergizi,pasta
80,ayam bakar padang,ayam,395,kentang ubi nasi merah nasi putih,ayam bakar bumbu padang tanpa santan lauk tempe,"['kentang', 'ubi', 'nasi merah', 'nasi putih']",ayam bakar padang ayam kentang ubi nasi merah nasi putih ayam bakar bumbu padang tanpa santan lauk tempe,"kentang, ubi, nasi merah, nasi putih"
28,ayam saus mentega,ayam,395,jagung nasi merah nasi putih,ayam tumis saus mentega klasik gurih,"['jagung', 'nasi merah', 'nasi putih']",ayam saus mentega ayam jagung nasi merah nasi putih ayam tumis saus mentega klasik gurih,"jagung, nasi merah, nasi putih"
446,thai coconut curry baby corn special,lainnya,457,nasi hitam,menu thai coconut curry baby corn special ala yellow fit kitchen rendah kalori dan bergizi,['nasi hitam'],thai coconut curry baby corn special lainnya nasi hitam menu thai coconut curry baby corn special ala yellow fit kitchen rendah kalori dan bergizi,nasi hitam
350,soto betawi ayam chef s choice,ayam,532,nasi kuning,menu soto betawi ayam chef s choice ala yellow fit kitchen rendah kalori dan bergizi,['nasi kuning'],soto betawi ayam chef s choice ayam nasi kuning menu soto betawi ayam chef s choice ala yellow fit kitchen rendah kalori dan bergizi,nasi kuning
41,ayam saus wijen,ayam,395,jagung nasi merah nasi putih,ayam tumis saus wijen sangrai wangi dan gurih,"['jagung', 'nasi merah', 'nasi putih']",ayam saus wijen ayam jagung nasi merah nasi putih ayam tumis saus wijen sangrai wangi dan gurih,"jagung, nasi merah, nasi putih"
112,dori sambal matah,ikan,390,kentang ubi nasi merah nasi putih,ikan dori sambal matah segar sayuran kukus,"['kentang', 'ubi', 'nasi merah', 'nasi putih']",dori sambal matah ikan kentang ubi nasi merah nasi putih ikan dori sambal matah segar sayuran kukus,"kentang, ubi, nasi merah, nasi putih"
397,japanese beef teriyaki bread yellowfit,sapi,522,pasta,menu japanese beef teriyaki bread yellowfit ala yellow fit kitchen rendah kalori dan bergizi,['pasta'],japanese beef teriyaki bread yellowfit sapi pasta menu japanese beef teriyaki bread yellowfit ala yellow fit kitchen rendah kalori dan bergizi,pasta
332,pizza fit signature,lainnya,525,red grain rice,menu pizza fit signature ala yellow fit kitchen rendah kalori dan bergizi,['nasi merah'],pizza fit signature lainnya red grain rice menu pizza fit signature ala yellow fit kitchen rendah kalori dan bergizi,nasi merah
292,dori stick premium,ikan,398,jagung nasi merah nasi putih,menu dori stick premium yang sehat dan lezat,"['jagung', 'nasi merah', 'nasi putih']",dori stick premium ikan jagung nasi merah nasi putih menu dori stick premium yang sehat dan lezat,"jagung, nasi merah, nasi putih"
329,spaghetti ayam geprek special,ayam,507,nasi hitam,menu spaghetti ayam geprek special ala yellow fit kitchen rendah kalori dan bergizi,['nasi hitam'],spaghetti ayam geprek special ayam nasi hitam menu spaghetti ayam geprek special ala yellow fit kitchen rendah kalori dan bergizi,nasi hitam
333,soto betawi ayam,ayam,547,pasta,menu soto betawi ayam ala yellow fit kitchen rendah kalori dan bergizi,['pasta'],soto betawi ayam ayam pasta menu soto betawi ayam ala yellow fit kitchen rendah kalori dan bergizi,pasta
49,ayam serundeng,ayam,395,jagung nasi merah nasi putih,ayam tabur serundeng kelapa gurih tumis sayur,"['jagung', 'nasi merah', 'nasi putih']",ayam serundeng ayam jagung nasi merah nasi putih ayam tabur serundeng kelapa gurih tumis sayur,"jagung, nasi merah, nasi putih"
404,healthy japanese sushi roll,lainnya,527,nasi hitam,menu healthy japanese sushi roll ala yellow fit kitchen rendah kalori dan bergizi,['nasi hitam'],healthy japanese sushi roll lainnya nasi hitam menu healthy japanese sushi roll ala yellow fit kitchen rendah kalori dan bergizi,nasi hitam
97,beef yakiniku,sapi,400,kentang nasi merah nasi putih,daging sapi yakiniku tumis sayur lauk tahu,"['kentang', 'nasi merah', 'nasi putih']",beef yakiniku sapi kentang nasi merah nasi putih daging sapi yakiniku tumis sayur lauk tahu,"kentang, nasi merah, nasi putih"
75,ayam suwir teriyaki,ayam,400,kentang nasi merah nasi putih,ayam suwir saus teriyaki tumis sayuran,"['kentang', 'nasi merah', 'nasi putih']",ayam suwir teriyaki ayam kentang nasi merah nasi putih ayam suwir saus teriyaki tumis sayuran,"kentang, nasi merah, nasi putih"
248,japanese beef gyudon with lemonilo premium,sapi,410,kentang ubi nasi merah nasi putih,menu japanese beef gyudon with lemonilo premium yang sehat dan lezat,"['kentang', 'ubi', 'nasi merah', 'nasi putih']",japanese beef gyudon with lemonilo premium sapi kentang ubi nasi merah nasi putih menu japanese beef gyudon with lemonilo premium yang sehat dan lezat,"kentang, ubi, nasi merah, nasi putih"
374,beef short ribs rendang yellowfit,sapi,528,garlic rice,menu beef short ribs rendang yellowfit ala yellow fit kitchen rendah kalori dan bergizi,['nasi putih'],beef short ribs rendang yellowfit sapi garlic rice menu beef short ribs rendang yellowfit ala yellow fit kitchen rendah kalori dan bergizi,nasi putih
77,ayam bumbu kari,ayam,400,kentang nasi merah nasi putih,ayam bumbu kari tanpa santan lauk telur orak arik,"['kentang', 'nasi merah', 'nasi putih']",ayam bumbu kari ayam kentang nasi merah nasi putih ayam bumbu kari tanpa santan lauk telur orak arik,"kentang, nasi merah, nasi putih"
17,chicken blackpepper,ayam,400,jagung nasi merah nasi putih,ayam lada hitam tumis sayuran rasa pedas hangat,"['jagung', 'nasi merah', 'nasi putih']",chicken blackpepper ayam jagung nasi merah nasi putih ayam lada hitam tumis sayuran rasa pedas hangat,"jagung, nasi merah, nasi putih"
365,ayam asam manis healthy chef s choice,ayam,543,red grain rice,menu ayam asam manis healthy chef s choice ala yellow fit kitchen rendah kalori dan bergizi,['nasi merah'],ayam asam manis healthy chef s choice ayam red grain rice menu ayam asam manis healthy chef s choice ala yellow fit kitchen rendah kalori dan bergizi,nasi merah
345,baked fish mozaru chef s choice,ikan,539,nasi merah,menu baked fish mozaru chef s choice ala yellow fit kitchen rendah kalori dan bergizi,['nasi merah'],baked fish mozaru chef s choice ikan nasi merah menu baked fish mozaru chef s choice ala yellow fit kitchen rendah kalori dan bergizi,nasi merah
364,udang saus blackpepper chef s choice,ikan,532,nasi kuning,menu udang saus blackpepper chef s choice ala yellow fit kitchen rendah kalori dan bergizi,['nasi kuning'],udang saus blackpepper chef s choice ikan nasi kuning menu udang saus blackpepper chef s choice ala yellow fit kitchen rendah kalori dan bergizi,nasi kuning
369,ayam betutu sambal matah deluxe,ayam,547,garlic rice,menu ayam betutu sambal matah deluxe ala yellow fit kitchen rendah kalori dan bergizi,['nasi putih'],ayam betutu sambal matah deluxe ayam garlic rice menu ayam betutu sambal matah deluxe ala yellow fit kitchen rendah kalori dan bergizi,nasi putih
357,baked fish mozaru chef s choice,ikan,517,jagung,menu baked fish mozaru chef s choice ala yellow fit kitchen rendah kalori dan bergizi,['jagung'],baked fish mozaru chef s choice ikan jagung menu baked fish mozaru chef s choice ala yellow fit kitchen rendah kalori dan bergizi,jagung
334,chicken soy garlic yangnyeom,ayam,541,nasi hitam,menu chicken soy garlic yangnyeom ala yellow fit kitchen rendah kalori dan bergizi,['nasi hitam'],chicken soy garlic yangnyeom ayam nasi hitam menu chicken soy garlic yangnyeom ala yellow fit kitchen rendah kalori dan bergizi,nasi hitam
290,soto bandung healthy,sapi,428,jagung nasi merah nasi putih,menu soto bandung healthy yang sehat dan lezat,"['jagung', 'nasi merah', 'nasi putih']",soto bandung healthy sapi jagung nasi merah nasi putih menu soto bandung healthy yang sehat dan lezat,"jagung, nasi merah, nasi putih"
34,bola ayam saus asam pedas,ayam,400,jagung nasi merah nasi putih,bola ayam saus asam pedas segar tumis sayur,"['jagung', 'nasi merah', 'nasi putih']",bola ayam saus asam pedas ayam jagung nasi merah nasi putih bola ayam saus asam pedas segar tumis sayur,"jagung, nasi merah, nasi putih"
431,khao soi noodle supreme,lainnya,527,nasi kuning,menu khao soi noodle supreme ala yellow fit kitchen rendah kalori dan bergizi,['nasi kuning'],khao soi noodle supreme lainnya nasi kuning menu khao soi noodle supreme ala yellow fit kitchen rendah kalori dan bergizi,nasi kuning
229,beef tofu teriyaki bowl,sapi,436,jagung nasi merah nasi putih,menu beef tofu teriyaki bowl yang sehat dan lezat,"['jagung', 'nasi merah', 'nasi putih']",beef tofu teriyaki bowl sapi jagung nasi merah nasi putih menu beef tofu teriyaki bowl yang sehat dan lezat,"jagung, nasi merah, nasi putih"
43,ayam balado,ayam,385,jagung nasi merah nasi putih,ayam bumbu balado tumis sayur bayam lauk tempe,"['jagung', 'nasi merah', 'nasi putih']",ayam balado ayam jagung nasi merah nasi putih ayam bumbu balado tumis sayur bayam lauk tempe,"jagung, nasi merah, nasi putih"
111,chicken rolade,ayam,395,jagung nasi merah nasi putih,rolade ayam kukus disajikan dengan sop bening,"['jagung', 'nasi merah', 'nasi putih']",chicken rolade ayam jagung nasi merah nasi putih rolade ayam kukus disajikan dengan sop bening,"jagung, nasi merah, nasi putih"
424,slow cooked beef signature,sapi,518,nasi merah,menu slow cooked beef signature ala yellow fit kitchen rendah kalori dan bergizi,['nasi merah'],slow cooked beef signature sapi nasi merah menu slow cooked beef signature ala yellow fit kitchen rendah kalori dan bergizi,nasi merah
214,chicken rolade healthy,ayam,449,jagung nasi merah nasi putih,menu chicken rolade healthy yang sehat dan lezat,"['jagung', 'nasi merah', 'nasi putih']",chicken rolade healthy ayam jagung nasi merah nasi putih menu chicken rolade healthy yang sehat dan lezat,"jagung, nasi merah, nasi putih"
76,scotch egg,lainnya,395,jagung,telur rebus dibalut daging disajikan dengan salad,['jagung'],scotch egg lainnya jagung telur rebus dibalut daging disajikan dengan salad,jagung
443,pizza fit deluxe,lainnya,542,nasi coklat,menu pizza fit deluxe ala yellow fit kitchen rendah kalori dan bergizi,['nasi merah'],pizza fit deluxe lainnya nasi coklat menu pizza fit deluxe ala yellow fit kitchen rendah kalori dan bergizi,nasi merah
258,chicken woku bowl,ayam,391,kentang ubi nasi merah nasi putih,menu chicken woku bowl yang sehat dan lezat,"['kentang', 'ubi', 'nasi merah', 'nasi putih']",chicken woku bowl ayam kentang ubi nasi merah nasi putih menu chicken woku bowl yang sehat dan lezat,"kentang, ubi, nasi merah, nasi putih"
219,ayam saus mentega box,ayam,351,kentang nasi merah nasi putih,menu ayam saus mentega box yang sehat dan lezat,"['kentang', 'nasi merah', 'nasi putih']",ayam saus mentega box ayam kentang nasi merah nasi putih menu ayam saus mentega box yang sehat dan lezat,"kentang, nasi merah, nasi putih"
171,ayam sambel geprek bowl,ayam,371,kentang ubi nasi merah nasi putih,menu ayam sambel geprek bowl yang sehat dan lezat,"['kentang', 'ubi', 'nasi merah', 'nasi putih']",ayam sambel geprek bowl ayam kentang ubi nasi merah nasi putih menu ayam sambel geprek bowl yang sehat dan lezat,"kentang, ubi, nasi merah, nasi putih"
48,ayam saus mentega,ayam,400,jagung nasi merah nasi putih,ayam tumis saus mentega lauk tahu kukus,"['jagung', 'nasi merah', 'nasi putih']",ayam saus mentega ayam jagung nasi merah nasi putih ayam tumis saus mentega lauk tahu kukus,"jagung, nasi merah, nasi putih"
71,ayam maranggi,ayam,400,jagung nasi merah nasi putih,ayam bumbu maranggi tumis sayur lauk tempe,"['jagung', 'nasi merah', 'nasi putih']",ayam maranggi ayam jagung nasi merah nasi putih ayam bumbu maranggi tumis sayur lauk tempe,"jagung, nasi merah, nasi putih"
65,chicken rolade,ayam,395,kentang nasi merah nasi putih,rolade ayam kukus disajikan tumis sayuran,"['kentang', 'nasi merah', 'nasi putih']",chicken rolade ayam kentang nasi merah nasi putih rolade ayam kukus disajikan tumis sayuran,"kentang, nasi merah, nasi putih"
392,chicken truffle meatballs yellowfit,ayam,528,red grain rice,menu chicken truffle meatballs yellowfit ala yellow fit kitchen rendah kalori dan bergizi,['nasi merah'],chicken truffle meatballs yellowfit ayam red grain rice menu chicken truffle meatballs yellowfit ala yellow fit kitchen rendah kalori dan bergizi,nasi merah
270,dori sambal ijo box,ikan,356,kentang nasi merah nasi putih,menu dori sambal ijo box yang sehat dan lezat,"['kentang', 'nasi merah', 'nasi putih']",dori sambal ijo box ikan kentang nasi merah nasi putih menu dori sambal ijo box yang sehat dan lezat,"kentang, nasi merah, nasi putih"
29,chicken honey,ayam,400,kentang nasi merah nasi putih,ayam panggang saus madu rasa manis gurih,"['kentang', 'nasi merah', 'nasi putih']",chicken honey ayam kentang nasi merah nasi putih ayam panggang saus madu rasa manis gurih,"kentang, nasi merah, nasi putih"
442,prawn cake thailand sauce deluxe,ikan,520,nasi coklat,menu prawn cake thailand sauce deluxe ala yellow fit kitchen rendah kalori dan bergizi,['nasi merah'],prawn cake thailand sauce deluxe ikan nasi coklat menu prawn cake thailand sauce deluxe ala yellow fit kitchen rendah kalori dan bergizi,nasi merah
425,chicken egg okonomiyaki deluxe,ayam,543,nasi hitam,menu chicken egg okonomiyaki deluxe ala yellow fit kitchen rendah kalori dan bergizi,['nasi hitam'],chicken egg okonomiyaki deluxe ayam nasi hitam menu chicken egg okonomiyaki deluxe ala yellow fit kitchen rendah kalori dan bergizi,nasi hitam
301,spaghetti ayam geprek,ayam,548,pasta,menu spaghetti ayam geprek ala yellow fit kitchen rendah kalori dan bergizi,['pasta'],spaghetti ayam geprek ayam pasta menu spaghetti ayam geprek ala yellow fit kitchen rendah kalori dan bergizi,pasta
296,sei sapi with potatoes diet,sapi,368,jagung nasi merah nasi putih,menu sei sapi with potatoes diet yang sehat dan lezat,"['jagung', 'nasi merah', 'nasi putih']",sei sapi with potatoes diet sapi jagung nasi merah nasi putih menu sei sapi with potatoes diet yang sehat dan lezat,"jagung, nasi merah, nasi putih"
378,udang saus blackpepper chef s choice,ikan,546,garlic rice,menu udang saus blackpepper chef s choice ala yellow fit kitchen rendah kalori dan bergizi,['nasi putih'],udang saus blackpepper chef s choice ikan garlic rice menu udang saus blackpepper chef s choice ala yellow fit kitchen rendah kalori dan bergizi,nasi putih
144,soto ayam spesial spesial,ayam,360,kentang ubi nasi merah nasi putih,menu soto ayam spesial spesial yang sehat dan lezat,"['kentang', 'ubi', 'nasi merah', 'nasi putih']",soto ayam spesial spesial ayam kentang ubi nasi merah nasi putih menu soto ayam spesial spesial yang sehat dan lezat,"kentang, ubi, nasi merah, nasi putih"
413,beef short ribs rendang special,sapi,546,red grain rice,menu beef short ribs rendang special ala yellow fit kitchen rendah kalori dan bergizi,['nasi merah'],beef short ribs rendang special sapi red grain rice menu beef short ribs rendang special ala yellow fit kitchen rendah kalori dan bergizi,nasi merah
39,soto bandung,sapi,390,kentang nasi merah nasi putih,soto daging khas bandung kuah bening lobak,"['kentang', 'nasi merah', 'nasi putih']",soto bandung sapi kentang nasi merah nasi putih soto daging khas bandung kuah bening lobak,"kentang, nasi merah, nasi putih"
285,sempol ayam grill bowl,ayam,434,kentang ubi nasi merah nasi putih,menu sempol ayam grill bowl yang sehat dan lezat,"['kentang', 'ubi', 'nasi merah', 'nasi putih']",sempol ayam grill bowl ayam kentang ubi nasi merah nasi putih menu sempol ayam grill bowl yang sehat dan lezat,"kentang, ubi, nasi merah, nasi putih"
440,prawn cake thailand sauce chef s choice,ikan,532,nasi coklat,menu prawn cake thailand sauce chef s choice ala yellow fit kitchen rendah kalori dan bergizi,['nasi merah'],prawn cake thailand sauce chef s choice ikan nasi coklat menu prawn cake thailand sauce chef s choice ala yellow fit kitchen rendah kalori dan bergizi,nasi merah
67,baked chicken honey,ayam,390,kentang nasi merah nasi putih,ayam panggang madu bumbu meresap tumis sayur,"['kentang', 'nasi merah', 'nasi putih']",baked chicken honey ayam kentang nasi merah nasi putih ayam panggang madu bumbu meresap tumis sayur,"kentang, nasi merah, nasi putih"
239,sempol ayam grill bowl,ayam,360,jagung nasi merah nasi putih,menu sempol ayam grill bowl yang sehat dan lezat,"['jagung', 'nasi merah', 'nasi putih']",sempol ayam grill bowl ayam jagung nasi merah nasi putih menu sempol ayam grill bowl yang sehat dan lezat,"jagung, nasi merah, nasi putih"
372,bakwan sayur healthy,lainnya,547,pasta,menu bakwan sayur healthy ala yellow fit kitchen rendah kalori dan bergizi,['pasta'],bakwan sayur healthy lainnya pasta menu bakwan sayur healthy ala yellow fit kitchen rendah kalori dan bergizi,pasta
361,ayam goreng kunyit signature,ayam,549,pasta,menu ayam goreng kunyit signature ala yellow fit kitchen rendah kalori dan bergizi,['pasta'],ayam goreng kunyit signature ayam pasta menu ayam goreng kunyit signature ala yellow fit kitchen rendah kalori dan bergizi,pasta
399,chicken soy garlic yangnyeom supreme,ayam,530,nasi coklat,menu chicken soy garlic yangnyeom supreme ala yellow fit kitchen rendah kalori dan bergizi,['nasi merah'],chicken soy garlic yangnyeom supreme ayam nasi coklat menu chicken soy garlic yangnyeom supreme ala yellow fit kitchen rendah kalori dan bergizi,nasi merah
10,bola ayam crispy,ayam,390,jagung ubi nasi merah nasi putih,bola daging ayam garing disajikan dengan salad segar,"['jagung', 'ubi', 'nasi merah', 'nasi putih']",bola ayam crispy ayam jagung ubi nasi merah nasi putih bola daging ayam garing disajikan dengan salad segar,"jagung, ubi, nasi merah, nasi putih"
198,bola daging teriyaki box,sapi,434,kentang ubi nasi merah nasi putih,menu bola daging teriyaki box yang sehat dan lezat,"['kentang', 'ubi', 'nasi merah', 'nasi putih']",bola daging teriyaki box sapi kentang ubi nasi merah nasi putih menu bola daging teriyaki box yang sehat dan lezat,"kentang, ubi, nasi merah, nasi putih"
335,ayam asam manis healthy deluxe,ayam,523,red grain rice,menu ayam asam manis healthy deluxe ala yellow fit kitchen rendah kalori dan bergizi,['nasi merah'],ayam asam manis healthy deluxe ayam red grain rice menu ayam asam manis healthy deluxe ala yellow fit kitchen rendah kalori dan bergizi,nasi merah
280,ayam saus mentega diet,ayam,362,jagung nasi merah nasi putih,menu ayam saus mentega diet yang sehat dan lezat,"['jagung', 'nasi merah', 'nasi putih']",ayam saus mentega diet ayam jagung nasi merah nasi putih menu ayam saus mentega diet yang sehat dan lezat,"jagung, nasi merah, nasi putih"
164,sapi cabe garam box,sapi,373,kentang ubi nasi merah nasi putih,menu sapi cabe garam box yang sehat dan lezat,"['kentang', 'ubi', 'nasi merah', 'nasi putih']",sapi cabe garam box sapi kentang ubi nasi merah nasi putih menu sapi cabe garam box yang sehat dan lezat,"kentang, ubi, nasi merah, nasi putih"
206,rawon surabaya lengkap,sapi,447,kentang nasi merah nasi putih,menu rawon surabaya lengkap yang sehat dan lezat,"['kentang', 'nasi merah', 'nasi putih']",rawon surabaya lengkap sapi kentang nasi merah nasi putih menu rawon surabaya lengkap yang sehat dan lezat,"kentang, nasi merah, nasi putih"
356,indonesian beef bakso yellowfit,sapi,519,nasi merah,menu indonesian beef bakso yellowfit ala yellow fit kitchen rendah kalori dan bergizi,['nasi merah'],indonesian beef bakso yellowfit sapi nasi merah menu indonesian beef bakso yellowfit ala yellow fit kitchen rendah kalori dan bergizi,nasi merah
441,indonesian beef bakso signature,sapi,532,nasi kuning,menu indonesian beef bakso signature ala yellow fit kitchen rendah kalori dan bergizi,['nasi kuning'],indonesian beef bakso signature sapi nasi kuning menu indonesian beef bakso signature ala yellow fit kitchen rendah kalori dan bergizi,nasi kuning
433,ayam goreng kunyit chef s choice,ayam,519,nasi merah,menu ayam goreng kunyit chef s choice ala yellow fit kitchen rendah kalori dan bergizi,['nasi merah'],ayam goreng kunyit chef s choice ayam nasi merah menu ayam goreng kunyit chef s choice ala yellow fit kitchen rendah kalori dan bergizi,nasi merah
344,prawn cake thailand sauce chef s choice,ikan,530,pasta,menu prawn cake thailand sauce chef s choice ala yellow fit kitchen rendah kalori dan bergizi,['pasta'],prawn cake thailand sauce chef s choice ikan pasta menu prawn cake thailand sauce chef s choice ala yellow fit kitchen rendah kalori dan bergizi,pasta
428,ayam goreng kunyit signature,ayam,533,nasi merah,menu ayam goreng kunyit signature ala yellow fit kitchen rendah kalori dan bergizi,['nasi merah'],ayam goreng kunyit signature ayam nasi merah menu ayam goreng kunyit signature ala yellow fit kitchen rendah kalori dan bergizi,nasi merah
95,bistik bola sapi,sapi,395,kentang nasi merah nasi putih,bola daging bistik saus gurih tumis sayur tahu,"['kentang', 'nasi merah', 'nasi putih']",bistik bola sapi sapi kentang nasi merah nasi putih bola daging bistik saus gurih tumis sayur tahu,"kentang, nasi merah, nasi putih"
134,sei ayam with brown rice spesial,ayam,427,kentang nasi merah nasi putih,menu sei ayam with brown rice spesial yang sehat dan lezat,"['kentang', 'nasi merah', 'nasi putih']",sei ayam with brown rice spesial ayam kentang nasi merah nasi putih menu sei ayam with brown rice spesial yang sehat dan lezat,"kentang, nasi merah, nasi putih"
320,healthy japanese sushi roll yellowfit,lainnya,528,garlic rice,menu healthy japanese sushi roll yellowfit ala yellow fit kitchen rendah kalori dan bergizi,['nasi putih'],healthy japanese sushi roll yellowfit lainnya garlic rice menu healthy japanese sushi roll yellowfit ala yellow fit kitchen rendah kalori dan bergizi,nasi putih
264,dori katsu saus asam manis healthy,ikan,436,jagung nasi merah nasi putih,menu dori katsu saus asam manis healthy yang sehat dan lezat,"['jagung', 'nasi merah', 'nasi putih']",dori katsu saus asam manis healthy ikan jagung nasi merah nasi putih menu dori katsu saus asam manis healthy yang sehat dan lezat,"jagung, nasi merah, nasi putih"
93,ayam sambel geprek,ayam,395,kentang nasi merah nasi putih,ayam geprek sambal pedas disajikan sayur sop,"['kentang', 'nasi merah', 'nasi putih']",ayam sambel geprek ayam kentang nasi merah nasi putih ayam geprek sambal pedas disajikan sayur sop,"kentang, nasi merah, nasi putih"
184,sei sapi with lemonilo premium,sapi,395,kentang ubi nasi merah nasi putih,menu sei sapi with lemonilo premium yang sehat dan lezat,"['kentang', 'ubi', 'nasi merah', 'nasi putih']",sei sapi with lemonilo premium sapi kentang ubi nasi merah nasi putih menu sei sapi with lemonilo premium yang sehat dan lezat,"kentang, ubi, nasi merah, nasi putih"
19,soto daging spesial,sapi,400,kentang nasi merah nasi putih,soto daging kuah kaya rempah lauk lengkap,"['kentang', 'nasi merah', 'nasi putih']",soto daging spesial sapi kentang nasi merah nasi putih soto daging kuah kaya rempah lauk lengkap,"kentang, nasi merah, nasi putih"
379,opor susu legenda yellowfit,lainnya,546,nasi coklat,menu opor susu legenda yellowfit ala yellow fit kitchen rendah kalori dan bergizi,['nasi merah'],opor susu legenda yellowfit lainnya nasi coklat menu opor susu legenda yellowfit ala yellow fit kitchen rendah kalori dan bergizi,nasi merah
321,thai coconut curry baby corn signature,lainnya,504,nasi coklat,menu thai coconut curry baby corn signature ala yellow fit kitchen rendah kalori dan bergizi,['nasi merah'],thai coconut curry baby corn signature lainnya nasi coklat menu thai coconut curry baby corn signature ala yellow fit kitchen rendah kalori dan bergizi,nasi merah
390,healthy japanese sushi roll,lainnya,511,nasi merah,menu healthy japanese sushi roll ala yellow fit kitchen rendah kalori dan bergizi,['nasi merah'],healthy japanese sushi roll lainnya nasi merah menu healthy japanese sushi roll ala yellow fit kitchen rendah kalori dan bergizi,nasi merah
305,ayam asam manis healthy,ayam,536,red grain rice,menu ayam asam manis healthy ala yellow fit kitchen rendah kalori dan bergizi,['nasi merah'],ayam asam manis healthy ayam red grain rice menu ayam asam manis healthy ala yellow fit kitchen rendah kalori dan bergizi,nasi merah
138,with brown rice with potate wedges healthy,lainnya,419,jagung nasi merah kentang,menu with brown rice with potate wedges healthy yang sehat dan lezat,"['jagung', 'nasi merah', 'kentang']",with brown rice with potate wedges healthy lainnya jagung nasi merah kentang menu with brown rice with potate wedges healthy yang sehat dan lezat,"jagung, nasi merah, kentang"
181,chicken ball crispy diet,ayam,449,jagung nasi merah kentang,menu chicken ball crispy diet yang sehat dan lezat,"['jagung', 'nasi merah', 'kentang']",chicken ball crispy diet ayam jagung nasi merah kentang menu chicken ball crispy diet yang sehat dan lezat,"jagung, nasi merah, kentang"
44,dori katsu pasta aglio eolio,ikan,400,,katsu ikan dori disajikan dengan pasta aglio eolio,[],dori katsu pasta aglio eolio ikan katsu ikan dori disajikan dengan pasta aglio eolio,
414,khao soi noodle supreme,lainnya,525,garlic rice,menu khao soi noodle supreme ala yellow fit kitchen rendah kalori dan bergizi,['nasi putih'],khao soi noodle supreme lainnya garlic rice menu khao soi noodle supreme ala yellow fit kitchen rendah kalori dan bergizi,nasi putih
172,dori stick premium,ikan,369,jagung nasi merah nasi putih,menu dori stick premium yang sehat dan lezat,"['jagung', 'nasi merah', 'nasi putih']",dori stick premium ikan jagung nasi merah nasi putih menu dori stick premium yang sehat dan lezat,"jagung, nasi merah, nasi putih"
340,baked fish mozaru signature,ikan,513,nasi hitam,menu baked fish mozaru signature ala yellow fit kitchen rendah kalori dan bergizi,['nasi hitam'],baked fish mozaru signature ikan nasi hitam menu baked fish mozaru signature ala yellow fit kitchen rendah kalori dan bergizi,nasi hitam
318,japanese beef teriyaki bread supreme,sapi,542,garlic rice,menu japanese beef teriyaki bread supreme ala yellow fit kitchen rendah kalori dan bergizi,['nasi putih'],japanese beef teriyaki bread supreme sapi garlic rice menu japanese beef teriyaki bread supreme ala yellow fit kitchen rendah kalori dan bergizi,nasi putih
358,mac diet panas special deluxe,lainnya,549,garlic rice,menu mac diet panas special deluxe ala yellow fit kitchen rendah kalori dan bergizi,['nasi putih'],mac diet panas special deluxe lainnya garlic rice menu mac diet panas special deluxe ala yellow fit kitchen rendah kalori dan bergizi,nasi putih
74,chicken grill sambal matah,ayam,390,kentang ubi nasi merah nasi putih,ayam panggang sambal matah segar sayur kukus,"['kentang', 'ubi', 'nasi merah', 'nasi putih']",chicken grill sambal matah ayam kentang ubi nasi merah nasi putih ayam panggang sambal matah segar sayur kukus,"kentang, ubi, nasi merah, nasi putih"
395,chicken truffle meatballs deluxe,ayam,517,jagung,menu chicken truffle meatballs deluxe ala yellow fit kitchen rendah kalori dan bergizi,['jagung'],chicken truffle meatballs deluxe ayam jagung menu chicken truffle meatballs deluxe ala yellow fit kitchen rendah kalori dan bergizi,jagung
311,prawn cake thailand sauce,ikan,536,nasi merah,menu prawn cake thailand sauce ala yellow fit kitchen rendah kalori dan bergizi,['nasi merah'],prawn cake thailand sauce ikan nasi merah menu prawn cake thailand sauce ala yellow fit kitchen rendah kalori dan bergizi,nasi merah
217,ayam with brown rice lengkap,ayam,437,jagung nasi merah nasi putih,menu ayam with brown rice lengkap yang sehat dan lezat,"['jagung', 'nasi merah', 'nasi putih']",ayam with brown rice lengkap ayam jagung nasi merah nasi putih menu ayam with brown rice lengkap yang sehat dan lezat,"jagung, nasi merah, nasi putih"
9,chicken curry,ayam,400,kentang nasi merah nasi putih,kari ayam bumbu rempah tanpa santan rendah lemak,"['kentang', 'nasi merah', 'nasi putih']",chicken curry ayam kentang nasi merah nasi putih kari ayam bumbu rempah tanpa santan rendah lemak,"kentang, nasi merah, nasi putih"
294,beef yakiniku spesial,sapi,355,kentang nasi merah nasi putih,menu beef yakiniku spesial yang sehat dan lezat,"['kentang', 'nasi merah', 'nasi putih']",beef yakiniku spesial sapi kentang nasi merah nasi putih menu beef yakiniku spesial yang sehat dan lezat,"kentang, nasi merah, nasi putih"
81,ayam maranggi,ayam,400,kentang nasi merah nasi putih,ayam bumbu maranggi tumis sayur lauk telur,"['kentang', 'nasi merah', 'nasi putih']",ayam maranggi ayam kentang nasi merah nasi putih ayam bumbu maranggi tumis sayur lauk telur,"kentang, nasi merah, nasi putih"
412,japanese beef teriyaki bread supreme,sapi,533,nasi coklat,menu japanese beef teriyaki bread supreme ala yellow fit kitchen rendah kalori dan bergizi,['nasi merah'],japanese beef teriyaki bread supreme sapi nasi coklat menu japanese beef teriyaki bread supreme ala yellow fit kitchen rendah kalori dan bergizi,nasi merah
236,chicken ball crispy box,ayam,413,jagung nasi merah nasi putih,menu chicken ball crispy box yang sehat dan lezat,"['jagung', 'nasi merah', 'nasi putih']",chicken ball crispy box ayam jagung nasi merah nasi putih menu chicken ball crispy box yang sehat dan lezat,"jagung, nasi merah, nasi putih"
421,pizza fit signature,lainnya,549,garlic rice,menu pizza fit signature ala yellow fit kitchen rendah kalori dan bergizi,['nasi putih'],pizza fit signature lainnya garlic rice menu pizza fit signature ala yellow fit kitchen rendah kalori dan bergizi,nasi putih
203,chicken ball blackpepper box,ayam,425,jagung nasi merah nasi putih,menu chicken ball blackpepper box yang sehat dan lezat,"['jagung', 'nasi merah', 'nasi putih']",chicken ball blackpepper box ayam jagung nasi merah nasi putih menu chicken ball blackpepper box yang sehat dan lezat,"jagung, nasi merah, nasi putih"
140,with brown rice box,lainnya,369,jagung nasi merah kentang,menu with brown rice box yang sehat dan lezat,"['jagung', 'nasi merah', 'kentang']",with brown rice box lainnya jagung nasi merah kentang menu with brown rice box yang sehat dan lezat,"jagung, nasi merah, kentang"
327,hamburg steak saus teriyaki chef s choice,sapi,522,nasi coklat,menu hamburg steak saus teriyaki chef s choice ala yellow fit kitchen rendah kalori dan bergizi,['nasi merah'],hamburg steak saus teriyaki chef s choice sapi nasi coklat menu hamburg steak saus teriyaki chef s choice ala yellow fit kitchen rendah kalori dan bergizi,nasi merah
416,torikatsu chicken ramen chef s choice,ayam,537,nasi coklat,menu torikatsu chicken ramen chef s choice ala yellow fit kitchen rendah kalori dan bergizi,['nasi merah'],torikatsu chicken ramen chef s choice ayam nasi coklat menu torikatsu chicken ramen chef s choice ala yellow fit kitchen rendah kalori dan bergizi,nasi merah
51,creamy chicken mushroom,ayam,395,kentang nasi merah nasi putih,ayam jamur saus krim rendah lemak lauk telur,"['kentang', 'nasi merah', 'nasi putih']",creamy chicken mushroom ayam kentang nasi merah nasi putih ayam jamur saus krim rendah lemak lauk telur,"kentang, nasi merah, nasi putih"
169,chicken teriyaki grill lengkap,ayam,379,jagung nasi merah kentang,menu chicken teriyaki grill lengkap yang sehat dan lezat,"['jagung', 'nasi merah', 'kentang']",chicken teriyaki grill lengkap ayam jagung nasi merah kentang menu chicken teriyaki grill lengkap yang sehat dan lezat,"jagung, nasi merah, kentang"
220,bola ayam crispy healthy,ayam,418,kentang ubi nasi merah nasi putih,menu bola ayam crispy healthy yang sehat dan lezat,"['kentang', 'ubi', 'nasi merah', 'nasi putih']",bola ayam crispy healthy ayam kentang ubi nasi merah nasi putih menu bola ayam crispy healthy yang sehat dan lezat,"kentang, ubi, nasi merah, nasi putih"
245,dori saus mentega diet,ikan,439,jagung nasi merah nasi putih,menu dori saus mentega diet yang sehat dan lezat,"['jagung', 'nasi merah', 'nasi putih']",dori saus mentega diet ikan jagung nasi merah nasi putih menu dori saus mentega diet yang sehat dan lezat,"jagung, nasi merah, nasi putih"
185,grilled chicken sei sapi ayam penyet diet,ayam,359,kentang ubi nasi merah nasi putih,menu grilled chicken sei sapi ayam penyet diet yang sehat dan lezat,"['kentang', 'ubi', 'nasi merah', 'nasi putih']",grilled chicken sei sapi ayam penyet diet ayam kentang ubi nasi merah nasi putih menu grilled chicken sei sapi ayam penyet diet yang sehat dan lezat,"kentang, ubi, nasi merah, nasi putih"
354,healthy oseng mercon sapi yellowfit,sapi,542,pasta,menu healthy oseng mercon sapi yellowfit ala yellow fit kitchen rendah kalori dan bergizi,['pasta'],healthy oseng mercon sapi yellowfit sapi pasta menu healthy oseng mercon sapi yellowfit ala yellow fit kitchen rendah kalori dan bergizi,pasta
252,chicken ball crispy premium,ayam,427,kentang nasi merah nasi putih,menu chicken ball crispy premium yang sehat dan lezat,"['kentang', 'nasi merah', 'nasi putih']",chicken ball crispy premium ayam kentang nasi merah nasi putih menu chicken ball crispy premium yang sehat dan lezat,"kentang, nasi merah, nasi putih"
304,salmon red thai curry yellowfit,ikan,538,pasta,menu salmon red thai curry yellowfit ala yellow fit kitchen rendah kalori dan bergizi,['pasta'],salmon red thai curry yellowfit ikan pasta menu salmon red thai curry yellowfit ala yellow fit kitchen rendah kalori dan bergizi,pasta
435,torikatsu chicken ramen signature,ayam,541,nasi merah,menu torikatsu chicken ramen signature ala yellow fit kitchen rendah kalori dan bergizi,['nasi merah'],torikatsu chicken ramen signature ayam nasi merah menu torikatsu chicken ramen signature ala yellow fit kitchen rendah kalori dan bergizi,nasi merah
155,dori katsu saus asam manis premium,ikan,439,jagung nasi merah nasi putih,menu dori katsu saus asam manis premium yang sehat dan lezat,"['jagung', 'nasi merah', 'nasi putih']",dori katsu saus asam manis premium ikan jagung nasi merah nasi putih menu dori katsu saus asam manis premium yang sehat dan lezat,"jagung, nasi merah, nasi putih"
89,ikan acar kuning,ikan,395,kentang nasi merah nasi putih,ikan bumbu acar kuning segar lauk perkedel tahu,"['kentang', 'nasi merah', 'nasi putih']",ikan acar kuning ikan kentang nasi merah nasi putih ikan bumbu acar kuning segar lauk perkedel tahu,"kentang, nasi merah, nasi putih"
249,ayam serundeng healthy,ayam,425,jagung nasi merah nasi putih,menu ayam serundeng healthy yang sehat dan lezat,"['jagung', 'nasi merah', 'nasi putih']",ayam serundeng healthy ayam jagung nasi merah nasi putih menu ayam serundeng healthy yang sehat dan lezat,"jagung, nasi merah, nasi putih"
55,dori sambal ijo,ikan,395,kentang nasi merah nasi putih,ikan dori bumbu sambal ijo disajikan sop lauk tahu,"['kentang', 'nasi merah', 'nasi putih']",dori sambal ijo ikan kentang nasi merah nasi putih ikan dori bumbu sambal ijo disajikan sop lauk tahu,"kentang, nasi merah, nasi putih"
200,japanese beef gyudon with lemonilo premium,sapi,423,kentang nasi merah nasi putih,menu japanese beef gyudon with lemonilo premium yang sehat dan lezat,"['kentang', 'nasi merah', 'nasi putih']",japanese beef gyudon with lemonilo premium sapi kentang nasi merah nasi putih menu japanese beef gyudon with lemonilo premium yang sehat dan lezat,"kentang, nasi merah, nasi putih"
154,recharge with se l sapi lengkap,sapi,427,kentang ubi nasi merah nasi putih,menu recharge with se l sapi lengkap yang sehat dan lezat,"['kentang', 'ubi', 'nasi merah', 'nasi putih']",recharge with se l sapi lengkap sapi kentang ubi nasi merah nasi putih menu recharge with se l sapi lengkap yang sehat dan lezat,"kentang, ubi, nasi merah, nasi putih"
237,beef yakiniku box,sapi,355,kentang ubi nasi merah nasi putih,menu beef yakiniku box yang sehat dan lezat,"['kentang', 'ubi', 'nasi merah', 'nasi putih']",beef yakiniku box sapi kentang ubi nasi merah nasi putih menu beef yakiniku box yang sehat dan lezat,"kentang, ubi, nasi merah, nasi putih"
352,torikatsu chicken ramen special,ayam,546,nasi coklat,menu torikatsu chicken ramen special ala yellow fit kitchen rendah kalori dan bergizi,['nasi merah'],torikatsu chicken ramen special ayam nasi coklat menu torikatsu chicken ramen special ala yellow fit kitchen rendah kalori dan bergizi,nasi merah
355,chicken egg okonomiyaki deluxe,ayam,542,garlic rice,menu chicken egg okonomiyaki deluxe ala yellow fit kitchen rendah kalori dan bergizi,['nasi putih'],chicken egg okonomiyaki deluxe ayam garlic rice menu chicken egg okonomiyaki deluxe ala yellow fit kitchen rendah kalori dan bergizi,nasi putih
127,soto betawi tanpa santan,sapi,400,kentang nasi merah nasi putih,soto betawi kuah bening tanpa santan lauk telur,"['kentang', 'nasi merah', 'nasi putih']",soto betawi tanpa santan sapi kentang nasi merah nasi putih soto betawi kuah bening tanpa santan lauk telur,"kentang, nasi merah, nasi putih"
165,chicken steak diet,ayam,360,kentang ubi nasi merah nasi putih,menu chicken steak diet yang sehat dan lezat,"['kentang', 'ubi', 'nasi merah', 'nasi putih']",chicken steak diet ayam kentang ubi nasi merah nasi putih menu chicken steak diet yang sehat dan lezat,"kentang, ubi, nasi merah, nasi putih"
272,ayam serundeng healthy,ayam,449,kentang nasi merah nasi putih,menu ayam serundeng healthy yang sehat dan lezat,"['kentang', 'nasi merah', 'nasi putih']",ayam serundeng healthy ayam kentang nasi merah nasi putih menu ayam serundeng healthy yang sehat dan lezat,"kentang, nasi merah, nasi putih"
24,tahu bakso kuah,sapi,395,,tahu bakso sapi kuah kaldu segar tanpa santan,[],tahu bakso kuah sapi tahu bakso sapi kuah kaldu segar tanpa santan,
313,mac diet panas special,lainnya,527,red grain rice,menu mac diet panas special ala yellow fit kitchen rendah kalori dan bergizi,['nasi merah'],mac diet panas special lainnya red grain rice menu mac diet panas special ala yellow fit kitchen rendah kalori dan bergizi,nasi merah
178,dori katsu balado spesial,ikan,423,jagung nasi merah nasi putih,menu dori katsu balado spesial yang sehat dan lezat,"['jagung', 'nasi merah', 'nasi putih']",dori katsu balado spesial ikan jagung nasi merah nasi putih menu dori katsu balado spesial yang sehat dan lezat,"jagung, nasi merah, nasi putih"
349,japanese beef teriyaki bread,sapi,527,nasi hitam,menu japanese beef teriyaki bread ala yellow fit kitchen rendah kalori dan bergizi,['nasi hitam'],japanese beef teriyaki bread sapi nasi hitam menu japanese beef teriyaki bread ala yellow fit kitchen rendah kalori dan bergizi,nasi hitam
269,beef bulgogi healthy,sapi,370,kentang nasi merah nasi putih,menu beef bulgogi healthy yang sehat dan lezat,"['kentang', 'nasi merah', 'nasi putih']",beef bulgogi healthy sapi kentang nasi merah nasi putih menu beef bulgogi healthy yang sehat dan lezat,"kentang, nasi merah, nasi putih"
202,beef burger diet,sapi,410,kentang ubi nasi merah nasi putih,menu beef burger diet yang sehat dan lezat,"['kentang', 'ubi', 'nasi merah', 'nasi putih']",beef burger diet sapi kentang ubi nasi merah nasi putih menu beef burger diet yang sehat dan lezat,"kentang, ubi, nasi merah, nasi putih"
260,chicken blackpepper egg tortila box,ayam,449,jagung nasi merah nasi putih,menu chicken blackpepper egg tortila box yang sehat dan lezat,"['jagung', 'nasi merah', 'nasi putih']",chicken blackpepper egg tortila box ayam jagung nasi merah nasi putih menu chicken blackpepper egg tortila box yang sehat dan lezat,"jagung, nasi merah, nasi putih"
348,healthy oseng mercon sapi yellowfit,sapi,512,garlic rice,menu healthy oseng mercon sapi yellowfit ala yellow fit kitchen rendah kalori dan bergizi,['nasi putih'],healthy oseng mercon sapi yellowfit sapi garlic rice menu healthy oseng mercon sapi yellowfit ala yellow fit kitchen rendah kalori dan bergizi,nasi putih
142,ayam bakar bowl,ayam,430,kentang ubi nasi merah nasi putih,menu ayam bakar bowl yang sehat dan lezat,"['kentang', 'ubi', 'nasi merah', 'nasi putih']",ayam bakar bowl ayam kentang ubi nasi merah nasi putih menu ayam bakar bowl yang sehat dan lezat,"kentang, ubi, nasi merah, nasi putih"
411,telur mata sapi balado supreme,lainnya,511,nasi merah,menu telur mata sapi balado supreme ala yellow fit kitchen rendah kalori dan bergizi,['nasi merah'],telur mata sapi balado supreme lainnya nasi merah menu telur mata sapi balado supreme ala yellow fit kitchen rendah kalori dan bergizi,nasi merah
42,beef patty bbq,sapi,395,ubi kentang nasi merah nasi putih,patty sapi panggang saus barbeque tanpa roti,"['ubi', 'kentang', 'nasi merah', 'nasi putih']",beef patty bbq sapi ubi kentang nasi merah nasi putih patty sapi panggang saus barbeque tanpa roti,"ubi, kentang, nasi merah, nasi putih"
314,healthy oseng mercon sapi,sapi,507,nasi hitam,menu healthy oseng mercon sapi ala yellow fit kitchen rendah kalori dan bergizi,['nasi hitam'],healthy oseng mercon sapi sapi nasi hitam menu healthy oseng mercon sapi ala yellow fit kitchen rendah kalori dan bergizi,nasi hitam
61,soto ayam spesial,ayam,395,bihun kentang nasi merah nasi putih,soto ayam kuah kuning lauk lengkap tanpa santan,"['bihun', 'kentang', 'nasi merah', 'nasi putih']",soto ayam spesial ayam bihun kentang nasi merah nasi putih soto ayam kuah kuning lauk lengkap tanpa santan,"bihun, kentang, nasi merah, nasi putih"
222,ayam maranggi spesial,ayam,427,kentang nasi merah nasi putih,menu ayam maranggi spesial yang sehat dan lezat,"['kentang', 'nasi merah', 'nasi putih']",ayam maranggi spesial ayam kentang nasi merah nasi putih menu ayam maranggi spesial yang sehat dan lezat,"kentang, nasi merah, nasi putih"
336,mac diet panas special chef s choice,lainnya,549,jagung,menu mac diet panas special chef s choice ala yellow fit kitchen rendah kalori dan bergizi,['jagung'],mac diet panas special chef s choice lainnya jagung menu mac diet panas special chef s choice ala yellow fit kitchen rendah kalori dan bergizi,jagung
167,fish stick saus korea spesial,ikan,392,kentang ubi nasi merah nasi putih,menu fish stick saus korea spesial yang sehat dan lezat,"['kentang', 'ubi', 'nasi merah', 'nasi putih']",fish stick saus korea spesial ikan kentang ubi nasi merah nasi putih menu fish stick saus korea spesial yang sehat dan lezat,"kentang, ubi, nasi merah, nasi putih"
448,opor susu legenda deluxe,lainnya,499,nasi kuning,menu opor susu legenda deluxe ala yellow fit kitchen rendah kalori dan bergizi,['nasi kuning'],opor susu legenda deluxe lainnya nasi kuning menu opor susu legenda deluxe ala yellow fit kitchen rendah kalori dan bergizi,nasi kuning
283,opor ayam tanpa santan lengkap,ayam,379,kentang ubi nasi merah nasi putih,menu opor ayam tanpa santan lengkap yang sehat dan lezat,"['kentang', 'ubi', 'nasi merah', 'nasi putih']",opor ayam tanpa santan lengkap ayam kentang ubi nasi merah nasi putih menu opor ayam tanpa santan lengkap yang sehat dan lezat,"kentang, ubi, nasi merah, nasi putih"
